centerline_arc_length_pixel,normalized_centerline_position,apparent_diameter_pixel,reference_diameter_pixel,diameter_stenosis_percent
0.0,0.0,3.4455755,11.082911224297309,68.9109169426627
1.0,0.0017943148194093893,3.9691405,11.086765216595252,64.19929120812128
2.0,0.0035886296388187786,4.4715247,11.090619208893193,59.68192008758159
3.0,0.005382944458228168,4.9527273,11.094473201191136,55.35860758780039
4.414213562373095,0.007920488811003957,5.4127493,11.099923569368165,51.23615710829246
5.414213562373095,0.009714803630413346,5.851589,11.103777561666108,47.30091475280926
6.414213562373095,0.011509118449822735,6.269249,11.107631553964051,43.559084293131804
7.414213562373095,0.013303433269232124,6.6657267,11.111485546261992,40.01048164145305
8.82842712474619,0.015840977622007913,7.0410237,11.116935914439024,36.66398920149762
9.82842712474619,0.017635292441417302,7.3951397,11.120789906736967,33.50166889013975
10.82842712474619,0.01942960726082669,7.728072,11.124643899034908,30.531959165782357
11.82842712474619,0.02122392208023608,8.078353,11.12849789133285,27.408415699541607
12.82842712474619,0.02301823689964547,8.461932,11.132351883630792,23.987920335552925
13.82842712474619,0.02481255171905486,8.690509,11.136205875928734,21.961672231176372
14.82842712474619,0.02660686653846425,8.828652,11.140059868226677,20.748609196636608
15.82842712474619,0.028401181357873638,9.022429,11.143913860524618,19.037157149895513
16.82842712474619,0.03019549617728303,9.146239,11.147767852822561,17.954523260143958
17.82842712474619,0.031989810996692424,9.311855,11.151621845120502,16.49774852940696
18.82842712474619,0.03378412581610181,9.373401,11.155475837418445,15.974891391629411
20.242640687119287,0.0363216701688776,9.573261,11.160926205595477,14.225207795148581
21.242640687119287,0.03811598498828699,9.759511,11.164780197893418,12.586626687026456
22.242640687119287,0.03991029980769638,9.9921255,11.16863419019136,10.534042560505501
23.656854249492383,0.04244784416047217,10.213694,11.174084558368392,8.5948064432243
24.656854249492383,0.04424215897988156,10.393346,11.177938550666333,7.019118187895705
25.656854249492383,0.04603647379929095,10.56741,11.181792542964276,5.49448643004629
27.07106781186548,0.04857401815206674,10.797456,11.187242911141308,3.4842107798913493
28.07106781186548,0.05036833297147613,10.962254,11.191096903439249,2.044869549939112
29.07106781186548,0.052162647790885516,11.113859,11.194950895737191,0.724359756971577
30.485281374238575,0.05470019214366131,11.268269,11.200401263914221,0.0
31.485281374238575,0.0564945069630707,11.469888,11.204255256212164,0.0
32.89949493661167,0.05903205131584648,11.490663,11.209705624389196,0.0
33.89949493661167,0.06082636613525587,11.556421,11.213559616687137,0.0
35.31370849898476,0.06336391048803165,11.6704235,11.219009984864169,0.0
36.31370849898476,0.06515822530744105,11.576323,11.222863977162111,0.0
37.31370849898476,0.06695254012685044,11.492118,11.226717969460053,0.0
38.72792206135785,0.06949008447962622,11.400629,11.232168337637084,0.0
39.72792206135785,0.0712843992990356,11.355429,11.236022329935025,0.0
40.72792206135785,0.07307871411844499,11.343398,11.239876322232968,0.0
41.72792206135785,0.07487302893785439,11.278046,11.24373031453091,0.0
43.142135623730944,0.07741057329063017,11.313248,11.24918068270794,0.0
44.142135623730944,0.07920488811003956,11.325571,11.253034675005884,0.0
45.142135623730944,0.08099920292944894,11.377216,11.256888667303826,0.0
46.142135623730944,0.08279351774885833,11.463674,11.260742659601767,0.0
47.556349186104036,0.08533106210163412,11.56782,11.2661930277788,0.0
48.556349186104036,0.08712537692104351,11.691479,11.270047020076742,0.0
49.556349186104036,0.0889196917404529,11.826756,11.273901012374683,0.0
50.97056274847713,0.09145723609322869,11.893532,11.279351380551715,0.0
51.97056274847713,0.09325155091263808,11.960816,11.283205372849656,0.0
52.97056274847713,0.09504586573204746,12.0637865,11.287059365147599,0.0
54.38477631085022,0.09758341008482324,12.243884,11.29250973332463,0.0
55.38477631085022,0.09937772490423263,12.24786,11.296363725622571,0.0
56.38477631085022,0.10117203972364203,12.264623,11.300217717920514,0.0
57.38477631085022,0.10296635454305142,12.273735,11.304071710218455,0.0
58.79898987322331,0.1055038988958272,12.294377,11.309522078395487,0.0
59.79898987322331,0.10729821371523658,12.26413,11.31337607069343,0.0
60.79898987322331,0.10909252853464597,12.168367,11.31723006299137,0.0
62.213203435596405,0.11163007288742176,12.041586,11.322680431168402,0.0
63.213203435596405,0.11342438770683115,11.907433,11.326534423466345,0.0
64.2132034355964,0.11521870252624053,11.833105,11.330388415764286,0.0
65.62741699796949,0.11775624687901631,11.742693,11.335838783941318,0.0
66.62741699796949,0.1195505616984257,11.612551,11.33969277623926,0.0
67.62741699796949,0.12134487651783508,11.60755,11.343546768537202,0.0
68.62741699796949,0.12313919133724448,11.572009,11.347400760835145,0.0
70.04163056034258,0.12567673569002027,11.490781,11.352851129012175,0.0
71.04163056034258,0.12747105050942964,11.436338,11.356705121310117,0.0
72.04163056034258,0.12926536532883903,11.480465,11.36055911360806,0.0
73.04163056034258,0.13105968014824843,11.535016,11.364413105906001,0.0
74.04163056034258,0.13285399496765782,11.5648,11.368267098203944,0.0
75.45584412271567,0.1353915393204336,11.698487,11.373717466380976,0.0
76.45584412271567,0.137185854139843,11.779311,11.377571458678917,0.0
77.45584412271567,0.1389801689592524,11.726072,11.38142545097686,0.0
78.87005768508877,0.14151771331202817,11.738085,11.38687581915389,0.0
79.87005768508877,0.14331202813143756,11.82252,11.390729811451832,0.0
80.87005768508877,0.14510634295084696,11.887991,11.394583803749775,0.0
81.87005768508877,0.14690065777025632,11.816814,11.398437796047716,0.0
83.28427124746186,0.14943820212303213,11.783075,11.403888164224748,0.0
84.28427124746186,0.1512325169424415,11.767973,11.40774215652269,0.0
85.28427124746186,0.1530268317618509,11.787252,11.411596148820632,0.0
86.69848480983495,0.15556437611462667,11.890755,11.417046516997663,0.0
87.69848480983495,0.15735869093403607,11.885525,11.420900509295604,0.0
88.69848480983495,0.15915300575344546,11.873259,11.424754501593547,0.0
89.69848480983495,0.16094732057285485,11.923041,11.42860849389149,0.0
91.11269837220804,0.16348486492563064,11.855944,11.43405886206852,0.0
92.11269837220804,0.16527917974504003,11.808588,11.437912854366463,0.0
93.11269837220804,0.16707349456444942,11.824872,11.441766846664406,0.0
94.52691193458114,0.1696110389172252,11.897626,11.447217214841436,0.0
95.52691193458114,0.1714053537366346,11.855687,11.451071207139378,0.0
96.52691193458114,0.17319966855604396,11.819258,11.45492519943732,0.0
97.94112549695423,0.17573721290881975,11.8337755,11.460375567614351,0.0
98.94112549695423,0.17753152772822914,11.785088,11.464229559912294,0.0
99.94112549695423,0.17932584254763853,11.701346,11.468083552210235,0.0
100.94112549695423,0.18112015736704792,11.658595,11.471937544508178,0.0
102.35533905932732,0.1836577017198237,11.630326,11.47738791268521,0.0
103.35533905932732,0.1854520165392331,11.544595,11.48124190498315,0.0
104.35533905932732,0.1872463313586425,11.546938,11.485095897281093,0.0
105.76955262170041,0.18978387571141828,11.565412,11.490546265458125,0.0
106.76955262170041,0.19157819053082767,11.53732,11.494400257756066,0.0
107.76955262170041,0.19337250535023706,11.550724,11.498254250054009,0.0
108.76955262170041,0.19516682016964645,11.702386,11.50210824235195,0.0
110.1837661840735,0.19770436452242224,11.66903,11.507558610528982,0.0
111.1837661840735,0.1994986793418316,11.610887,11.511412602826924,0.0
112.1837661840735,0.201292994161241,11.603998,11.515266595124865,0.0
113.5979797464466,0.20383053851401678,11.626258,11.520716963301897,0.0
114.5979797464466,0.20562485333342617,11.578451,11.524570955599838,0.0
115.5979797464466,0.20741916815283556,11.621366,11.528424947897781,0.0
117.01219330881969,0.20995671250561135,11.629173,11.533875316074813,0.0
118.01219330881969,0.21175102732502074,11.493406,11.537729308372754,0.3841571544257149
119.01219330881969,0.21354534214443013,11.471715,11.541583300670696,0.6053617203189905
120.42640687119278,0.21608288649720592,11.467236,11.547033668847728,0.6910701566365514
121.42640687119278,0.2178772013166153,11.384746,11.55088766114567,1.438348880018759
122.42640687119278,0.2196715161360247,11.292982,11.554741653443612,2.2653864521944653
123.42640687119278,0.2214658309554341,11.191946,11.558595645741555,3.172094840202761
124.84062043356587,0.22400337530820988,11.112241,11.564046013918585,3.9069822279675073
125.84062043356587,0.22579769012761924,11.103706,11.567900006216528,4.012773676326655
126.84062043356587,0.22759200494702864,11.084414,11.571753998514469,4.211465868827219
128.25483399593898,0.23012954929980445,11.06286,11.5772043666915,4.442737773153806
129.25483399593898,0.23192386411921384,11.067198,11.581058358989443,4.437077712400589
130.25483399593898,0.23371817893862323,11.127932,11.584912351287384,3.9446198864678412
131.6690475583121,0.23625572329139904,11.277108,11.590362719464416,2.70271547666494
132.6690475583121,0.23805003811080844,11.225881,11.594216711762359,3.176894981830997
133.6690475583121,0.23984435293021783,11.202272,11.5980707040603,3.4126217971804937
135.0832611206852,0.24238189728299364,11.251821,11.603521072237331,3.030980904656545
136.0832611206852,0.244176212102403,11.324685,11.607375064535274,2.4354340772382863
137.4974746830583,0.24671375645517882,11.340424,11.612825432712304,2.3456982997488036
138.4974746830583,0.2485080712745882,11.426404,11.616679425010247,1.637950215549362
139.4974746830583,0.25030238609399763,11.502184,11.620533417308188,1.0184515535865348
140.9116882454314,0.25283993044677344,11.487319,11.62598378548522,1.1927144870406021
141.9116882454314,0.2546342452661828,11.589622,11.629837777783163,0.345802191460585
143.3259018078045,0.2571717896189586,11.55144,11.635288145960192,0.7206345554636564
144.3259018078045,0.258966104438368,11.549983,11.639142138258135,0.7660282227149644
145.3259018078045,0.2607604192577774,11.53541,11.642996130556078,0.9240422480736118
146.74011537017762,0.2632979636105532,11.507722,11.648446498733108,1.2080975588330332
147.74011537017762,0.2650922784299626,11.466917,11.65230049103105,1.5909601130684539
149.15432893255073,0.2676298227827384,11.443601,11.657750859208083,1.8369770223463078
150.15432893255073,0.2694241376021478,11.357328,11.661604851506024,2.6092158023150303
151.56854249492383,0.2719616819549236,11.335469,11.667055219683055,2.842070835603866
152.56854249492383,0.273755996774333,11.328182,11.670909211980998,2.9365920452039904
153.98275605729694,0.2762935411271088,11.385308,11.676359580158028,2.4926546024377725
154.98275605729694,0.2780878559465182,11.379479,11.68021357245597,2.5747317232365985
156.39696961967005,0.280625400299294,11.360535,11.685663940633003,2.7822918262583594
157.39696961967005,0.2824197151187034,11.328474,11.689517932930944,3.088612295242986
158.39696961967005,0.2842140299381128,11.333365,11.693371925228886,3.078722605953434
159.81118318204315,0.2867515742908886,11.344931,11.698822293405918,3.0250194056001636
160.81118318204315,0.288545889110298,11.344844,11.702676285703859,3.0576973380018537
162.22539674441626,0.2910834334630738,11.364522,11.70812665388089,2.934753643797931
163.22539674441626,0.2928777482824832,11.423428,11.711980646178834,2.4637426675211245
164.63961030678936,0.295415292635259,11.441216,11.717431014355864,2.35729611043938
166.05382386916247,0.2979528369880348,11.468769,11.722881382532895,2.167660839980815
167.05382386916247,0.2997471518074442,11.425967,11.726735374830838,2.5648072436654394
168.46803743153558,0.30228469616021997,11.441318,11.732185743007868,2.4792326944929677
169.46803743153558,0.30407901097962936,11.385676,11.73603973530581,2.985362688229798
170.88225099390868,0.30661655533240517,11.387548,11.741490103482842,3.014452626609807
172.2964645562818,0.309154099685181,11.317791,11.746940471659872,3.653287318411095
173.2964645562818,0.3109484145045904,11.30491,11.750794463957815,3.794507334884598
174.7106781186549,0.3134859588573662,11.300202,11.756244832134847,3.8791507743896787
176.124891681028,0.316023503210142,11.304809,11.761695200311877,3.884530043437772
177.5391052434011,0.3185610475629178,11.319865,11.767145568488909,3.801094659193046
178.5391052434011,0.3203553623823272,11.346512,11.770999560786851,3.6062164285576044
179.95331880577422,0.322892906735103,11.335818,11.776449928963881,3.741633861743934
181.36753236814732,0.3254304510878788,11.338666,11.781900297140913,3.761993598173916
182.78174593052043,0.32796799544065464,11.274937,11.787350665317945,4.347151483328951
183.78174593052043,0.32976231026006403,11.273136,11.791204657615888,4.393686088429088
185.19595949289354,0.33229985461283984,11.253147,11.796655025792917,4.6073052010117985
186.61017305526664,0.33483739896561565,11.234435,11.80210539396995,4.809907160954989
188.02438661763975,0.33737494331839146,11.248415,11.80755576214698,4.735448894964006
189.43860018001286,0.3399124876711673,11.276761,11.81300613032401,4.539446347655681
190.85281374238596,0.3424500320239431,11.289195,11.818456498501043,4.478261927335344
192.26702730475907,0.3449875763767189,11.256155,11.823906866678074,4.801728050142348
193.68124086713217,0.3475251207294947,11.235803,11.829357234855106,5.017640203260934
194.68124086713217,0.3493194355489041,11.247504,11.833211227153047,4.949687634199338
196.09545442950528,0.3518569799016799,11.259844,11.838661595330079,4.889216271410747
197.5096679918784,0.3543945242544557,11.253358,11.84411196350711,4.987744780353446
198.9238815542515,0.35693206860723153,11.258323,11.84956233168414,4.989548131612993
200.3380951166246,0.35946961296000735,11.293065,11.855012699861172,4.740168930918106
201.7523086789977,0.36200715731278316,11.306705,11.860463068038204,4.668937376289837
203.1665222413708,0.36454470166555897,11.32952,11.865913436215235,4.520454439295333
204.1665222413708,0.36633901648496836,11.360372,11.869767428513176,4.291540183246367
205.58073580374392,0.3688765608377441,11.3429365,11.875217796690208,4.482286472509641
206.99494936611703,0.3714141051905199,11.417106,11.88066816486724,3.901821713145774
208.40916292849013,0.37395164954329574,11.388457,11.88611853304427,4.186911256033052
209.82337649086324,0.37648919389607155,11.419323,11.891568901221302,3.971266849772056
210.82337649086324,0.37828350871548094,11.530148,11.895422893519244,3.0707217750788494
212.23759005323635,0.38082105306825675,11.575536,11.900873261696274,2.7337278560257996
213.65180361560945,0.38335859742103257,11.695379,11.906323629873306,1.7717003100931346
214.65180361560945,0.38515291224044196,11.771316,11.910177622171249,1.1659108027638116
216.06601717798256,0.38769045659321777,11.874151,11.915627990348279,0.3480870712267674
217.06601717798256,0.38948477141262716,11.957311,11.919481982646221,0.0
218.48023074035567,0.392022315765403,11.991501,11.924932350823253,0.0
219.89444430272877,0.3945598601181788,12.047531,11.930382719000283,0.0
220.89444430272877,0.3963541749375882,12.055053,11.934236711298226,0.0
222.30865786510188,0.398891719290364,12.076062,11.939687079475258,0.0
223.72287142747498,0.4014292636431398,12.083609,11.94513744765229,0.0
224.72287142747498,0.4032235784625492,12.07929,11.94899143995023,0.0
226.1370849898481,0.405761122815325,12.139233,11.954441808127262,0.0
227.1370849898481,0.4075554376347344,12.114796,11.958295800425203,0.0
228.1370849898481,0.4093497524541438,12.072482,11.962149792723146,0.0
229.5512985522212,0.4118872968069196,12.060265,11.967600160900178,0.0
230.5512985522212,0.413681611626329,12.042118,11.971454153198119,0.0
231.5512985522212,0.4154759264457384,12.0818205,11.975308145496061,0.0
232.9655121145943,0.4180134707985142,12.024599,11.980758513673093,0.0
233.9655121145943,0.41980778561792353,12.1103,11.984612505971034,0.0
235.3797256769674,0.42234532997069935,12.178993,11.990062874148066,0.0
236.3797256769674,0.42413964479010874,12.164983,11.993916866446009,0.0
237.79393923934052,0.42667718914288455,12.19878,11.999367234623039,0.0
238.79393923934052,0.42847150396229394,12.206793,12.003221226920981,0.0
239.79393923934052,0.43026581878170334,12.253621,12.007075219218923,0.0
240.79393923934052,0.43206013360111273,12.251279,12.010929211516865,0.0
242.20815280171362,0.43459767795388854,12.226813,12.016379579693897,0.0
243.20815280171362,0.43639199277329793,12.215306,12.020233571991838,0.0
244.20815280171362,0.4381863075927073,12.158101,12.02408756428978,0.0
245.62236636408673,0.44072385194548314,12.180026,12.029537932466813,0.0
246.62236636408673,0.44251816676489253,12.169454,12.033391924764754,0.0
247.62236636408673,0.4443124815843019,12.153956,12.037245917062696,0.0
248.62236636408673,0.4461067964037113,12.177707,12.04109990936064,0.0
249.62236636408673,0.4479011112231207,12.117471,12.04495390165858,0.0
251.03657992645984,0.4504386555758965,12.087161,12.050404269835612,0.0
252.03657992645984,0.4522329703953059,12.13041,12.054258262133555,0.0
253.03657992645984,0.4540272852147153,12.115441,12.058112254431496,0.0
254.03657992645984,0.4558216000341247,12.076144,12.061966246729439,0.0
255.03657992645984,0.45761591485353403,12.024069,12.06582023902738,0.3460304049191129
256.0365799264598,0.45941022967294337,12.062677,12.069674231325322,0.05797047847663912
257.4507934888329,0.4619477740257192,12.043067,12.075124599502354,0.26548480542457925
258.4507934888329,0.4637420888451286,12.034889,12.078978591800295,0.3650090963719285
259.4507934888329,0.46553640366453797,12.034179,12.082832584098238,0.40266924112302876
260.4507934888329,0.46733071848394736,12.075854,12.086686576396179,0.0896215424721647
261.4507934888329,0.46912503330335675,12.082123,12.090540568694122,0.0696227427708474
262.865007051206,0.47166257765613256,12.052981,12.095990936871154,0.35556872064199435
263.865007051206,0.47345689247554196,12.039195,12.099844929169095,0.5012450059827254
264.865007051206,0.47525120729495135,12.065673,12.103698921467037,0.31416881122935963
265.865007051206,0.47704552211436074,12.112432,12.10755291376498,0.0
266.865007051206,0.47883983693377014,12.155823,12.111406906062921,0.0
267.865007051206,0.48063415175317953,12.181454,12.115260898360864,0.0
268.865007051206,0.4824284665725889,12.198577,12.119114890658805,0.0
270.2792206135791,0.48496601092536473,12.207193,12.124565258835837,0.0
271.2792206135791,0.4867603257447741,12.207303,12.12841925113378,0.0
272.2792206135791,0.4885546405641835,12.204586,12.13227324343172,0.0
273.2792206135791,0.4903489553835929,12.177692,12.136127235729663,0.0
274.2792206135791,0.4921432702030023,12.080341,12.139981228027604,0.4912683783940753
275.2792206135791,0.49393758502241164,12.077577,12.143835220325547,0.5456149713443218
276.2792206135791,0.49573189984182103,12.121115,12.14768921262349,0.21876162061269908
277.2792206135791,0.4975262146612304,12.210955,12.151543204921431,0.0
278.69343417595223,0.5000637590140062,12.26362,12.156993573098463,0.0
279.69343417595223,0.5018580738334156,12.29175,12.160847565396406,0.0
280.69343417595223,0.503652388652825,12.304597,12.164701557694347,0.0
281.69343417595223,0.5054467034722344,12.302161,12.16855554999229,0.0
282.69343417595223,0.5072410182916438,12.284443,12.17240954229023,0.0
283.69343417595223,0.5090353331110532,12.266377,12.176263534588173,0.0
284.69343417595223,0.5108296479304626,12.282883,12.180117526886116,0.0
285.69343417595223,0.512623962749872,12.30905,12.183971519184057,0.0
286.69343417595223,0.5144182775692814,12.303369,12.187825511482,0.0
287.69343417595223,0.5162125923886908,12.278477,12.191679503779941,0.0
289.10764773832534,0.5187501367414665,12.243629,12.197129871956973,0.0
290.10764773832534,0.5205444515608759,12.198825,12.200983864254916,0.01769514468350762
291.10764773832534,0.5223387663802853,12.144065,12.204837856552857,0.49794150490045097
292.10764773832534,0.5241330811996947,12.079348,12.2086918488508,1.0594438780051747
293.10764773832534,0.5259273960191041,12.004674,12.212545841148742,1.7021175275644431
294.10764773832534,0.5277217108385135,11.934979,12.216399833446683,2.3036278977580436
295.10764773832534,0.5295160256579229,11.905182,12.220253825744626,2.5782765683249016
296.10764773832534,0.5313103404773323,11.959601,12.224107818042567,2.1638095777382254
297.10764773832534,0.5331046552967417,11.990747,12.22796181034051,1.939933753781307
298.10764773832534,0.5348989701161511,12.0,12.231815802638451,1.8951871609156128
299.10764773832534,0.5366932849355605,12.0,12.235669794936394,1.9260882230895382
300.10764773832534,0.5384875997549698,12.0,12.239523787234337,1.9569698249547642
301.10764773832534,0.5402819145743792,12.0,12.243377779532278,1.987831984888529
302.10764773832534,0.5420762293937886,12.0,12.24723177183022,2.0186747212449805
303.10764773832534,0.543870544213198,12.0,12.251085764128163,2.0494980523551294
304.10764773832534,0.5456648590326074,12.0,12.254939756426104,2.080301996526926
305.10764773832534,0.5474591738520168,12.0,12.258793748724047,2.1110865720453407
306.10764773832534,0.5492534886714262,12.0,12.262647741021988,2.1418517971723015
307.10764773832534,0.5510478034908356,12.0,12.26650173331993,2.17259769014684
308.10764773832534,0.552842118310245,11.990747,12.270355725617872,2.2787299739964606
309.10764773832534,0.5546364331296544,11.959601,12.274209717915815,2.5631655549594194
310.10764773832534,0.5564307479490638,11.905182,12.278063710213758,3.036975815151889
311.10764773832534,0.5582250627684732,11.892087,12.281917702511699,3.1740215919613757
312.10764773832534,0.5600193775878826,11.958578,12.285771694809641,2.6631911547457747
313.10764773832534,0.561813692407292,12.060338,12.289625687107584,1.865700979187764
314.10764773832534,0.5636080072267013,12.162445,12.293479679405525,1.0658870756150844
315.10764773832534,0.5654023220461107,12.249966,12.297333671703468,0.38518922266746203
316.10764773832534,0.5671966368655201,12.3229,12.301187664001409,0.0
317.10764773832534,0.5689909516849294,12.381247,12.305041656299352,0.0
318.52186130069845,0.5715284960377053,12.425007,12.310492024476384,0.0
319.52186130069845,0.5733228108571147,12.444927,12.314346016774325,0.0
320.52186130069845,0.5751171256765241,12.455401,12.318200009072267,0.0
321.52186130069845,0.5769114404959335,12.465141,12.322054001370208,0.0
322.52186130069845,0.5787057553153429,12.459212,12.325907993668151,0.0
323.52186130069845,0.5805000701347522,12.437614,12.329761985966094,0.0
324.52186130069845,0.5822943849541616,12.32117,12.333615978264035,0.10091221484048256
325.93607486307155,0.5848319293069374,12.275936,12.339066346441067,0.5116288214974302
326.93607486307155,0.5866262441263468,12.257594,12.34292033873901,0.6912969363471064
327.93607486307155,0.5884205589457562,12.231225,12.34677433103695,0.9358664393304419
328.93607486307155,0.5902148737651656,12.181893,12.350628323334893,1.3662055907086377
329.93607486307155,0.592009188584575,12.11528,12.354482315632834,1.9361569198490074
330.93607486307155,0.5938035034039844,12.080701,12.358336307930777,2.246543763532278
331.93607486307155,0.5955978182233937,12.1500845,12.36219030022872,1.7157623328316038
332.93607486307155,0.5973921330428031,12.212683,12.366044292526661,1.2401829145988161
333.93607486307155,0.5991864478622125,12.276947,12.369898284824604,0.7514311047671395
335.35028842544466,0.6017239922149884,12.299925,12.375348653001636,0.6094681018904018
336.35028842544466,0.6035183070343977,12.2953615,12.379202645299577,0.6772740445568857
337.35028842544466,0.6053126218538071,12.323455,12.38305663759752,0.4813171938824667
338.76450198781777,0.6078501662065829,12.257943,12.38850700577455,1.0539111156198497
339.76450198781777,0.6096444810259923,12.180372,12.392360998072492,1.7106406111497663
340.76450198781777,0.6114387958454017,12.091849,12.396214990370435,2.455311266539573
341.76450198781777,0.6132331106648111,12.008413,12.400068982668376,3.1584958793088878
343.1787155501909,0.6157706550175869,11.972297,12.405519350845408,3.4921765369957676
344.1787155501909,0.6175649698369963,11.842845,12.40937334314335,4.565326261077064
345.1787155501909,0.6193592846564057,11.710858,12.413227335441292,5.658230300867877
346.592929112564,0.6218968290091815,11.627281,12.418677703618323,6.372631076679744
347.592929112564,0.6236911438285909,11.593648,12.422531695916266,6.672422009924158
348.592929112564,0.6254854586480003,11.5477295,12.426385688214207,7.070891070603641
350.0071426749371,0.6280230030007761,11.541851,12.431836056391239,7.158918510934862
351.0071426749371,0.6298173178201855,11.462392,12.43569004868918,7.826652092050604
352.4213562373102,0.6323548621729613,11.381251,12.441140416866212,8.519227709103722
353.4213562373102,0.6341491769923707,11.36277,12.444994409164154,8.696061187466888
354.4213562373102,0.6359434918117801,11.418675,12.448848401462095,8.275247200155851
355.8355697996833,0.6384810361645559,11.358907,12.454298769639127,8.795292645450342
356.8355697996833,0.6402753509839653,11.3668995,12.45815276193707,8.75935054284043
357.8355697996833,0.6420696658033747,11.3885,12.462006754235011,8.614234944521678
359.2497833620564,0.6446072101561504,11.471199,12.467457122412043,7.9908683622147345
360.2497833620564,0.6464015249755598,11.569457,12.471311114709984,7.231429416495416
361.2497833620564,0.6481958397949692,11.567054,12.475165107007927,7.279353053507524
362.6639969244295,0.6507333841477451,11.578919,12.480615475184958,7.2247724182531075
363.6639969244295,0.6525276989671545,11.448849,12.4844694674829,8.295272344692316
364.6639969244295,0.6543220137865638,11.356186,12.488323459780842,9.06556873179174
365.6639969244295,0.6561163286059732,11.299826,12.492177452078785,9.54478743451894
367.0782104868026,0.658653872958749,11.188968,12.497627820255815,10.471268102269976
368.0782104868026,0.6604481877781584,11.137235,12.501481812553758,10.912683353893536
369.0782104868026,0.6622425025975678,11.092299,12.5053358048517,11.299467407654404
370.0782104868026,0.6640368174169772,10.9809885,12.509189797149642,12.216628889869572
371.0782104868026,0.6658311322363866,10.917235,12.513043789447584,12.75315935793869
372.0782104868026,0.667625447055796,11.040121,12.516897781745525,11.798264466200447
373.0782104868026,0.6694197618752054,11.155222,12.520751774043468,10.906132951117264
374.4924240491757,0.6719573062279812,11.433801,12.5262021422205,8.720930993216363
375.4924240491757,0.6737516210473906,11.80976,12.530056134518441,5.748546000884765
376.4924240491757,0.6755459358668,12.223132,12.533910126816384,2.479497540576627
377.4924240491757,0.6773402506862093,12.645947,12.537764119114325,0.0
378.4924240491757,0.6791345655056187,13.15403,12.541618111412268,0.0
379.4924240491757,0.6809288803250281,13.670724,12.54547210371021,0.0
380.4924240491757,0.6827231951444375,14.173261,12.549326096008151,0.0
381.90663761154883,0.6852607394972133,14.551065,12.554776464185183,0.0
383.32085117392194,0.6877982838499891,14.871897,12.560226832362215,0.0
384.32085117392194,0.6895925986693985,15.00804,12.564080824660156,0.0
385.73506473629504,0.6921301430221743,15.097183,12.569531192837188,0.0
386.73506473629504,0.6939244578415837,15.155961,12.57338518513513,0.0
388.14927829866815,0.6964620021943595,15.165889,12.57883555331216,0.0
389.56349186104126,0.6989995465471354,15.012721,12.584285921489192,0.0
390.56349186104126,0.7007938613665448,14.735423,12.588139913787135,0.0
391.97770542341436,0.7033314057193205,14.5020685,12.593590281964165,0.0
392.97770542341436,0.7051257205387299,14.199702,12.597444274262108,0.0
394.39191898578747,0.7076632648915058,13.890663,12.60289464243914,0.0
395.8061325481606,0.7102008092442815,13.813389,12.60834501061617,0.0
396.8061325481606,0.7119951240636909,13.648361,12.612199002914112,0.0
397.8061325481606,0.7137894388831003,13.501006,12.616052995212055,0.0
399.2203461105337,0.7163269832358762,13.459477,12.621503363389085,0.0
400.2203461105337,0.7181212980552856,13.398806,12.625357355687028,0.0
401.6345596729068,0.7206588424080613,13.33941,12.63080772386406,0.0
403.0487732352799,0.7231963867608372,13.351982,12.636258092041091,0.0
404.0487732352799,0.7249907015802465,13.33241,12.640112084339032,0.0
405.462986797653,0.7275282459330223,13.298464,12.645562452516064,0.0
406.8772003600261,0.7300657902857981,13.331838,12.651012820693094,0.0
407.8772003600261,0.7318601051052075,13.369782,12.654866812991036,0.0
409.2914139223992,0.7343976494579834,13.446963,12.660317181168068,0.0
410.7056274847723,0.7369351938107591,13.532441,12.6657675493451,0.0
411.7056274847723,0.7387295086301685,13.481972,12.66962154164304,0.0
413.1198410471454,0.7412670529829444,13.526964,12.675071909820073,0.0
414.53405460951853,0.7438045973357201,13.458032,12.680522277997104,0.0
415.53405460951853,0.7455989121551295,13.447897,12.684376270295045,0.0
416.94826817189164,0.7481364565079054,13.59145,12.689826638472077,0.0
418.36248173426475,0.7506740008606811,13.577318,12.695277006649109,0.0
419.77669529663785,0.753211545213457,13.54772,12.70072737482614,0.0
420.77669529663785,0.7550058600328664,13.671809,12.704581367124081,0.0
421.77669529663785,0.7568001748522758,13.638215,12.708435359422024,0.0
423.19090885901096,0.7593377192050516,13.589154,12.713885727599054,0.0
424.60512242138407,0.7618752635578274,13.693781,12.719336095776086,0.0
426.0193359837572,0.7644128079106032,13.640723,12.724786463953118,0.0
427.0193359837572,0.7662071227300126,13.655661,12.728640456251059,0.0
428.4335495461303,0.7687446670827884,13.660349,12.73409082442809,0.0
429.4335495461303,0.7705389819021978,13.524723,12.737944816726033,0.0
430.8477631085034,0.7730765262549736,13.480191,12.743395184903065,0.0
432.2619766708765,0.7756140706077495,13.526755,12.748845553080095,0.0
433.2619766708765,0.7774083854271588,13.507681,12.752699545378038,0.0
434.6761902332496,0.7799459297799346,13.496902,12.75814991355507,0.0
436.0904037956227,0.7824834741327104,13.433638,12.7636002817321,0.0
437.0904037956227,0.7842777889521197,13.370115,12.767454274030042,0.0
438.5046173579958,0.7868153333048956,13.353877,12.772904642207074,0.0
439.5046173579958,0.788609648124305,13.292028,12.776758634505015,0.0
440.9188309203689,0.7911471924770808,13.334132,12.782209002682047,0.0
442.333044482742,0.7936847368298566,13.358657,12.787659370859078,0.0
443.74725804511513,0.7962222811826324,13.253179,12.793109739036108,0.0
445.16147160748824,0.7987598255354083,13.151168,12.79856010721314,0.0
446.16147160748824,0.8005541403548176,13.08973,12.802414099511083,0.0
447.57568516986134,0.8030916847075934,12.9158745,12.807864467688113,0.0
448.98989873223445,0.8056292290603693,12.81291,12.813314835865144,0.0031588696155087255
449.98989873223445,0.8074235438797787,12.772407,12.817168828163087,0.3492366426567344
451.40411229460756,0.8099610882325544,12.493792,12.822619196340117,2.564434076259373
452.81832585698066,0.8124986325853303,12.272012,12.828069564517149,4.334695916821731
454.23253941935377,0.815036176938106,12.008361,12.83351993269418,6.42971744532927
455.23253941935377,0.8168304917575154,11.817082,12.837373924992121,7.947821149896245
456.6467529817269,0.8193680361102913,11.725393,12.842824293169153,8.700819791448886
457.6467529817269,0.8211623509297007,11.522447,12.846678285467096,10.307969294910183
459.0609665441,0.8236998952824764,11.372304,12.852128653644126,11.514238075394717
460.0609665441,0.8254942101018858,11.416971,12.855982645942069,11.193321264565077
461.0609665441,0.8272885249212952,11.645487,12.859836638240012,9.442964484976285
462.0609665441,0.8290828397407046,11.89703,12.863690630537953,7.514645536749379
463.4751801064731,0.8316203840934805,12.1752205,12.869140998714984,5.392127643036321
464.4751801064731,0.8334146989128898,12.313072,12.872994991012927,4.349592203010911
465.4751801064731,0.8352090137322992,12.318658,12.876848983310868,4.334842390194065
466.4751801064731,0.8370033285517086,12.245227,12.880702975608811,4.933551505424635
467.4751801064731,0.838797643371118,11.966169,12.884556967906752,7.127816756870223
468.8893936688462,0.8413351877238938,11.4813595,12.890007336083784,10.928216078891952
469.8893936688462,0.8431295025433032,10.917321,12.893861328381726,15.329311157487346
471.3036072312193,0.845667046896079,10.293684,12.899311696558758,20.199742064660516
472.7178207935924,0.8482045912488548,9.592755,12.904762064735788,25.66499661468659
474.1320343559655,0.8507421356016306,8.762224,12.91021243291282,32.129511865741236
475.5462479183386,0.8532796799544065,7.941479,12.915662801089852,38.51280163945527
476.5462479183386,0.8550739947738158,7.257767,12.919516793387793,43.82323026055823
477.5462479183386,0.8568683095932252,6.6470537,12.923370785685735,48.56563485797881
478.96046148071173,0.859405853946001,6.0319686,12.928821153862767,53.34479051251142
479.96046148071173,0.8612001687654104,5.5374393,12.932675146160708,57.182568310645586
480.96046148071173,0.8629944835848198,5.246822,12.936529138458651,59.441811445834844
482.37467504308484,0.8655320279375956,5.232767,12.941979506635683,59.56749041041546
483.78888860545794,0.8680695722903714,5.3882895,12.947429874812713,58.383327782440965
484.78888860545794,0.8698638871097808,5.6846786,12.951283867110655,56.10721984890657
486.20310216783105,0.8724014314625567,6.0099916,12.956734235287687,53.614919186620604
487.61731573020415,0.8749389758153324,6.279372,12.962184603464717,51.556219824299085
488.61731573020415,0.8767332906347418,6.4307075,12.96603859576266,50.40345278022718
489.61731573020415,0.8785276054541512,6.5757995,12.969892588060603,49.29950714292903
491.03152929257726,0.881065149806927,6.7146482,12.975342956237633,48.25070698006325
492.03152929257726,0.8828594646263364,6.6668024,12.979196948535575,48.6347080428328
493.44574285495037,0.8853970089791122,6.5801234,12.984647316712607,49.32381862955401
494.44574285495037,0.8871913237985216,6.5301166,12.988501309010548,49.72386418789675
495.44574285495037,0.888985638617931,6.449433,12.992355301308491,50.35978696461222
496.44574285495037,0.8907799534373404,6.3188086,12.996209293606432,51.37960298383617
497.44574285495037,0.8925742682567498,6.24373,13.000063285904375,51.971540977214325
498.44574285495037,0.8943685830761592,6.2386394,13.003917278202316,52.024922788741
499.44574285495037,0.8961628978955686,6.1598053,13.007771270500259,52.645190557577614
500.44574285495037,0.897957212714978,6.08607,13.011625262798201,53.225904237107216
501.44574285495037,0.8997515275343874,6.0062923,13.015479255096142,53.852699348063446
502.44574285495037,0.9015458423537968,6.0186048,13.019333247394085,53.77178968357478
503.44574285495037,0.9033401571732061,5.991564,13.023187239692028,53.993107165533175
504.8599564173235,0.9058777015259819,5.925169,13.028637607869058,54.52196024310191
505.8599564173235,0.9076720163453913,5.9801474,13.032491600167,54.11355291662924
506.8599564173235,0.9094663311648007,6.0919914,13.036345592464944,53.2691782267437
507.8599564173235,0.9112606459842101,6.163334,13.040199584762885,52.7358929381422
508.8599564173235,0.9130549608036195,6.232594,13.044053577060827,52.21888674104572
510.2741699796966,0.9155925051563952,6.270488,13.049503945237857,51.94845864139044
511.2741699796966,0.9173868199758046,6.3425627,13.0533579375358,51.41048988446404
512.2741699796966,0.919181134795214,6.352372,13.057211929833741,51.34970464115371
513.2741699796966,0.9209754496146234,6.396423,13.061065922131684,51.026792903877805
514.6883835420697,0.9235129939673993,6.4155936,13.066516290308716,50.90050414682173
515.6883835420697,0.9253073087868087,6.411006,13.070370282606657,50.950081480496856
517.1025971044428,0.9278448531395844,6.383782,13.075820650783688,51.17872842986707
518.1025971044428,0.9296391679589938,6.4012694,13.079674643081631,51.0594138572976
519.1025971044428,0.9314334827784032,6.324628,13.083528635379572,51.65961681637539
520.5168106668159,0.9339710271311791,6.215506,13.088979003556604,52.51343840398983
521.5168106668159,0.9357653419505885,6.0931687,13.092832995854547,53.461800532907056
522.5168106668159,0.9375596567699979,5.9880204,13.096686988152488,54.278357377775464
523.931024229189,0.9400972011227736,5.8841014,13.10213735632952,55.090522784085536
525.3452377915621,0.9426347454755495,5.754311,13.107587724506551,56.09938910430644
526.3452377915621,0.9444290602949589,5.617914,13.111441716804492,57.15258229284724
527.7594513539352,0.9469666046477346,5.651531,13.116892084981524,56.9140983788891
528.7594513539352,0.948760919467144,5.623296,13.120746077279467,57.14195099214548
529.7594513539352,0.9505552342865534,5.6021357,13.124600069577408,57.31576102459829
531.1736649163083,0.9530927786393293,5.6095304,13.13005043775444,57.277159935472866
532.5878784786814,0.955630322992105,5.499718,13.135500805931471,58.130883089314366
533.5878784786814,0.9574246378115144,5.461316,13.139354798229412,58.435431628350955
535.0020920410545,0.9599621821642902,5.3736258,13.144805166406444,59.11977631252247
536.0020920410545,0.9617564969836996,5.333563,13.148659158704387,59.43645061769405
537.4163056034276,0.9642940413364754,5.3356757,13.154109526881417,59.43719561178741
538.4163056034276,0.9660883561558848,5.288452,13.15796351917936,59.80797377398921
539.4163056034276,0.9678826709752942,5.23309,13.161817511477302,60.24037015180229
540.8305191658008,0.97042021532807,5.1734614,13.167267879654332,60.70968188306384
541.8305191658008,0.9722145301474794,5.139833,13.171121871952275,60.97649825543389
542.8305191658008,0.9740088449668888,4.9881296,13.174975864250218,62.1393642980494
544.2447327281739,0.9765463893196646,4.9585056,13.180426232427248,62.37977783833757
545.2447327281739,0.978340704139074,4.888274,13.18428022472519,62.92346560077801
546.658946290547,0.9808782484918498,4.766898,13.189730592902222,63.85901803197096
547.658946290547,0.9826725633112592,4.635222,13.193584585200163,64.86760722055827
549.0731598529201,0.985210107664035,4.493247,13.199034953377195,65.9577609420918
550.0731598529201,0.9870044224834444,4.3409734,13.202888945675138,67.12103392606545
551.4873734152932,0.9895419668362202,4.178401,13.208339313852168,68.36543267051677
552.4873734152932,0.9913362816556296,4.0055304,13.21219330615011,69.6830778618996
553.9015869776663,0.9938738260084055,3.822361,13.217643674327142,71.08137360476832
554.9015869776663,0.9956681408278149,3.6288927,13.221497666625083,72.55308928200037
555.9015869776663,0.9974624556472242,3.4251258,13.225351658923026,74.10181652890002
557.3158005400394,1.0,3.2110605,13.230802027100058,75.73041666401066
