case,normalized_centerline_position,smoothed_diameter_px,reference_diameter_px
V09,0.0,19.57706642150879,14.86302982477863
V09,0.0017652644117575026,19.557573318481445,14.852950340966204
V09,0.004261725284039526,19.511962890625,14.83869579825695
V09,0.00675818615632155,19.44023323059082,14.824441255547695
V09,0.008523450568079053,19.342384338378906,14.81436177173527
V09,0.011019911440361076,19.21841812133789,14.800107229026015
V09,0.0135163723126431,19.06833267211914,14.785852686316762
V09,0.015281636724400601,18.89212989807129,14.775773202504334
V09,0.017046901136158105,18.689807891845703,14.765693718691908
V09,0.01954336200844013,18.461366653442383,14.751439175982654
V09,0.02130862642019763,18.206804275512695,14.741359692170228
V09,0.023073890831955133,17.919281005859375,14.7312802083578
V09,0.02557035170423716,17.524707794189453,14.717025665648547
V09,0.027335616115994662,17.208152770996094,14.70694618183612
V09,0.02983207698827669,16.84800148010254,14.692691639126867
V09,0.03232853786055871,16.511058807373047,14.678437096417612
V09,0.034824998732840735,16.201480865478516,14.664182553708358
V09,0.03659026314459824,15.868692398071289,14.654103069895932
V09,0.03835552755635574,15.536293029785156,14.644023586083504
V09,0.040120791968113245,15.131392478942871,14.633944102271078
V09,0.04188605637987075,14.795175552368164,14.62386461845865
V09,0.04365132079162825,14.42989730834961,14.613785134646225
V09,0.045416585203385755,14.036664009094238,14.603705650833797
V09,0.047181849615143254,13.794989585876465,14.593626167021371
V09,0.04894711402690076,13.60683822631836,14.583546683208944
V09,0.05071237843865826,13.670293807983398,14.573467199396518
V09,0.052477642850415764,13.72630500793457,14.563387715584092
V09,0.05424290726217327,13.782094955444336,14.553308231771664
V09,0.05600817167393077,13.88012981414795,14.543228747959239
V09,0.05777343608568827,14.112086296081543,14.533149264146811
V09,0.05953870049744577,14.299148559570312,14.523069780334385
V09,0.06130396490920328,14.452329635620117,14.512990296521957
V09,0.06306922932096078,14.579574584960938,14.502910812709532
V09,0.06483449373271828,14.680883407592773,14.492831328897104
V09,0.06659975814447579,14.756255149841309,14.482751845084678
V09,0.06836502255623329,14.805691719055176,14.47267236127225
V09,0.07013028696799078,14.829191207885742,14.462592877459825
V09,0.07189555137974829,14.826754570007324,14.452513393647397
V09,0.0736608157915058,14.790435791015625,14.442433909834971
V09,0.07615727666378781,14.816057205200195,14.428179367125717
V09,0.07792254107554532,14.73043155670166,14.41809988331329
V09,0.07968780548730282,14.572072982788086,14.408020399500863
V09,0.08145306989906032,14.385693550109863,14.397940915688437
V09,0.08321833431081782,14.160279273986816,14.38786143187601
V09,0.08498359872257533,14.008485794067383,14.377781948063584
V09,0.08674886313433283,13.826637268066406,14.367702464251156
V09,0.08851412754609032,13.698473930358887,14.35762298043873
V09,0.09027939195784783,13.648818016052246,14.347543496626303
V09,0.09204465636960533,13.741079330444336,14.337464012813877
V09,0.09454111724188735,13.839935302734375,14.323209470104622
V09,0.09630638165364486,13.813116073608398,14.313129986292196
V09,0.09807164606540236,13.872252464294434,14.303050502479769
V09,0.09983691047715987,13.859827041625977,14.292971018667343
V09,0.10160217488891736,13.865208625793457,14.282891534854915
V09,0.10409863576119939,13.887015342712402,14.268636992145662
V09,0.10586390017295688,13.923869132995605,14.258557508333235
V09,0.10762916458471439,13.929145812988281,14.248478024520809
V09,0.10939442899647189,14.017086029052734,14.238398540708381
V09,0.11189088986875391,14.068042755126953,14.224143997999128
V09,0.11365615428051142,14.142095565795898,14.2140645141867
V09,0.11542141869226892,14.148592948913574,14.203985030374275
V09,0.11791787956455094,14.146772384643555,14.18973048766502
V09,0.11968314397630844,14.305558204650879,14.179651003852594
V09,0.12144840838806593,14.424652099609375,14.169571520040167
V09,0.12394486926034796,14.547883987426758,14.155316977330914
V09,0.12571013367210546,14.717164039611816,14.145237493518486
V09,0.1282065945443875,14.855716705322266,14.130982950809234
V09,0.1307030554166695,15.043573379516602,14.116728408099979
V09,0.132468319828427,15.169113159179688,14.106648924287553
V09,0.13496478070070902,15.149239540100098,14.092394381578298
V09,0.13673004511246653,15.211292266845703,14.082314897765873
V09,0.13922650598474853,15.211028099060059,14.068060355056618
V09,0.14172296685703056,15.073064804077148,14.053805812347365
V09,0.14348823126878807,15.03029727935791,14.043726328534937
V09,0.14525349568054557,14.882814407348633,14.033646844722512
V09,0.14774995655282758,14.77759075164795,14.019392302013257
V09,0.14951522096458508,14.570940017700195,14.009312818200831
V09,0.1520116818368671,14.48285961151123,13.995058275491576
V09,0.15377694624862462,14.254043579101562,13.984978791679149
V09,0.15554221066038212,14.149730682373047,13.974899307866723
V09,0.15803867153266413,14.109066009521484,13.960644765157468
V09,0.15980393594442163,13.954684257507324,13.950565281345042
V09,0.16156920035617914,13.953557968139648,13.940485797532617
V09,0.16406566122846114,13.801778793334961,13.926231254823362
V09,0.16583092564021865,13.794787406921387,13.916151771010934
V09,0.16832738651250068,13.922467231750488,13.901897228301682
V09,0.17009265092425818,13.873067855834961,13.891817744489254
V09,0.17258911179654018,13.90265941619873,13.877563201780001
V09,0.1743543762082977,13.778797149658203,13.867483717967573
V09,0.17685083708057972,13.743021011352539,13.85322917525832
V09,0.17934729795286172,13.685243606567383,13.838974632549066
V09,0.18111256236461923,13.59475326538086,13.82889514873664
V09,0.18287782677637673,13.491354942321777,13.818815664924212
V09,0.18537428764865876,13.474245071411133,13.80456112221496
V09,0.18787074852094077,13.330692291259766,13.790306579505705
V09,0.1903672093932228,13.31100845336914,13.77605203679645
V09,0.1921324738049803,13.184342384338379,13.765972552984024
V09,0.19462893467726233,13.152719497680664,13.75171801027477
V09,0.1963941990890198,13.115346908569336,13.741638526462344
V09,0.19889065996130184,13.109582901000977,13.72738398375309
V09,0.20065592437305935,13.103866577148438,13.717304499940663
V09,0.20315238524534135,12.989755630493164,13.703049957231409
V09,0.20491764965709885,13.023232460021973,13.692970473418983
V09,0.20741411052938089,12.979348182678223,13.678715930709728
V09,0.2091793749411384,13.044471740722656,13.668636446897303
V09,0.2116758358134204,13.11781120300293,13.654381904188048
V09,0.2134411002251779,13.076746940612793,13.644302420375622
V09,0.21593756109745993,13.143014907836914,13.630047877666367
V09,0.21843402196974193,13.094879150390625,13.615793334957115
V09,0.22019928638149944,13.154075622558594,13.605713851144687
V09,0.22269574725378147,13.098868370056152,13.591459308435434
V09,0.22446101166553897,13.150993347167969,13.581379824623006
V09,0.22695747253782098,13.088714599609375,13.567125281913754
V09,0.22872273694957848,13.133769035339355,13.557045798101326
V09,0.23121919782186054,13.06441879272461,13.542791255392071
V09,0.23371565869414257,13.102400779724121,13.528536712682818
V09,0.23548092310590008,13.074265480041504,13.51845722887039
V09,0.23797738397818213,13.08335018157959,13.504202686161138
V09,0.23974264838993964,13.106327056884766,13.49412320234871
V09,0.24223910926222167,13.019401550292969,13.479868659639457
V09,0.24400437367397917,13.044312477111816,13.46978917582703
V09,0.2465008345462612,12.959321975708008,13.455534633117775
V09,0.2482660989580187,12.986167907714844,13.44545514930535
V09,0.25076255983030077,12.917289733886719,13.431200606596095
V09,0.2525278242420583,12.951976776123047,13.421121122783669
V09,0.25502428511434033,12.94650650024414,13.406866580074414
V09,0.25678954952609784,12.943771362304688,13.396787096261988
V09,0.25928601039837984,12.943771362304688,13.382532553552734
V09,0.26105127481013735,12.937722206115723,13.372453069740306
V09,0.2635477356824194,12.907504081726074,13.358198527031053
V09,0.26604419655470146,12.899721145629883,13.343943984321799
V09,0.26780946096645897,12.902284622192383,13.333864500509373
V09,0.27030592183874097,12.906188011169434,13.319609957800118
V09,0.2720711862504985,12.977747917175293,13.309530473987692
V09,0.27456764712278053,12.98158073425293,13.295275931278438
V09,0.27633291153453804,13.131916999816895,13.28519644746601
V09,0.2788293724068201,13.27569580078125,13.270941904756757
V09,0.2805946368185776,13.4679536819458,13.26086242094433
V09,0.28309109769085966,13.675324440002441,13.246607878235077
V09,0.2848563621026171,13.919939994812012,13.236528394422649
V09,0.2866216265143746,14.148433685302734,13.226448910610223
V09,0.2891180873866567,14.21863842010498,13.212194367900969
V09,0.29161454825893873,14.233469009399414,13.197939825191714
V09,0.29337981267069624,14.091970443725586,13.187860341379288
V09,0.2958762735429783,13.914926528930664,13.173605798670033
V09,0.2976415379547358,13.601383209228516,13.163526314857608
V09,0.29940680236649325,13.261051177978516,13.15344683104518
V09,0.30117206677825076,12.778207778930664,13.143367347232754
V09,0.30293733119000826,12.322750091552734,13.133287863420327
V09,0.3054337920622903,11.837376594543457,13.119033320711074
V09,0.3071990564740478,11.43361759185791,13.108953836898646
V09,0.30896432088580533,10.95221996307373,13.09887435308622
V09,0.31072958529756284,10.534944534301758,13.088794869273793
V09,0.31249484970932034,10.239604949951172,13.078715385461367
V09,0.31426011412107785,10.069697380065918,13.068635901648939
V09,0.31602537853283535,10.012771606445312,13.058556417836513
V09,0.31779064294459286,9.979393005371094,13.048476934024086
V09,0.31955590735635037,10.059285163879395,13.03839745021166
V09,0.32132117176810787,10.268288612365723,13.028317966399232
V09,0.3230864361798654,10.456108093261719,13.018238482586806
V09,0.3255828970521474,10.629631996154785,13.003983939877552
V09,0.3273481614639049,10.761808395385742,12.993904456065126
V09,0.3291134258756624,10.815049171447754,12.983824972252698
V09,0.3308786902874199,10.925274848937988,12.973745488440272
V09,0.3326439546991774,11.009523391723633,12.963666004627845
V09,0.33514041557145946,11.015438079833984,12.949411461918592
V09,0.33690567998321697,11.06786823272705,12.939331978106164
V09,0.33867094439497447,11.051881790161133,12.929252494293738
V09,0.3411674052672565,11.083699226379395,12.914997951584484
V09,0.342932669679014,11.128417015075684,12.904918467772058
V09,0.3446979340907715,11.11258316040039,12.89483898395963
V09,0.34719439496305354,11.11170482635498,12.880584441250377
V09,0.34895965937481105,11.191965103149414,12.87050495743795
V09,0.35072492378656855,11.271533966064453,12.860425473625522
V09,0.3532213846588506,11.281671524047852,12.84617093091627
V09,0.3549866490706081,11.24706745147705,12.836091447103842
V09,0.3567519134823656,11.314197540283203,12.826011963291416
V09,0.3592483743546476,11.37072467803955,12.811757420582161
V09,0.36101363876640513,11.419100761413574,12.801677936769735
V09,0.3635100996386872,11.431927680969238,12.78742339406048
V09,0.3652753640504447,11.52053451538086,12.777343910248055
V09,0.3670406284622022,11.544281005859375,12.767264426435627
V09,0.36953708933448426,11.56337833404541,12.753009883726374
V09,0.37130235374624176,11.662962913513184,12.742930399913947
V09,0.37306761815799927,11.696712493896484,12.732850916101519
V09,0.3748328825697568,11.710447311401367,12.722771432289093
V09,0.3773293434420388,11.780588150024414,12.70851688957984
V09,0.3790946078537963,11.775749206542969,12.698437405767413
V09,0.3808598722655538,11.812939643859863,12.688357921954985
V09,0.3826251366773113,11.864861488342285,12.67827843814256
V09,0.38512159754959335,11.915473937988281,12.664023895433305
V09,0.38688686196135086,11.99417781829834,12.653944411620879
V09,0.38865212637310836,12.051567077636719,12.643864927808451
V09,0.39041739078486587,12.024993896484375,12.633785443996025
V09,0.3929138516571479,12.040721893310547,12.61953090128677
V09,0.3946791160689054,12.06905746459961,12.609451417474345
V09,0.3964443804806629,12.078460693359375,12.599371933661917
V09,0.3982096448924204,11.956602096557617,12.589292449849491
V09,0.3999749093041779,11.880620956420898,12.579212966037066
V09,0.4017401737159354,11.891127586364746,12.569133482224638
V09,0.4035054381276929,11.971662521362305,12.55905399841221
V09,0.4052707025394504,12.153368949890137,12.548974514599784
V09,0.4070359669512079,12.32338809967041,12.538895030787359
V09,0.4088012313629654,12.473006248474121,12.528815546974931
V09,0.4112976922352475,12.587830543518066,12.514561004265676
V09,0.413062956647005,12.67711353302002,12.50448152045325
V09,0.4148282210587625,12.740856170654297,12.494402036640823
V09,0.41659348547052,12.779057502746582,12.484322552828397
V09,0.41835874988227745,12.791718482971191,12.47424306901597
V09,0.42012401429403495,12.79377269744873,12.464163585203544
V09,0.42188927870579246,12.761573791503906,12.454084101391118
V09,0.4243857395780745,12.704375267028809,12.439829558681863
V09,0.426151003989832,12.612923622131348,12.429750074869435
V09,0.42791626840158953,12.50161361694336,12.41967059105701
V09,0.42968153281334703,12.379155158996582,12.409591107244582
V09,0.43144679722510454,12.23061466217041,12.399511623432156
V09,0.43321206163686204,12.070927619934082,12.389432139619728
V09,0.43497732604861955,11.935012817382812,12.379352655807303
V09,0.4374737869209016,11.867188453674316,12.365098113098048
V09,0.43923905133265906,11.88184928894043,12.355018629285622
V09,0.44100431574441656,11.952909469604492,12.344939145473194
V09,0.44276958015617407,12.034252166748047,12.334859661660769
V09,0.4445348445679316,12.035334587097168,12.324780177848343
V09,0.4463001089796891,12.035334587097168,12.314700694035915
V09,0.4480653733914466,12.034252166748047,12.304621210223488
V09,0.4498306378032041,12.032087326049805,12.294541726411062
V09,0.4515959022149616,12.047740936279297,12.284462242598636
V09,0.45336116662671905,12.101651191711426,12.274382758786208
V09,0.4558576274990011,12.048657417297363,12.260128216076954
V09,0.4576228919107586,11.999706268310547,12.250048732264528
V09,0.4593881563225161,11.954797744750977,12.239969248452102
V09,0.4611534207342736,11.913931846618652,12.229889764639674
V09,0.46291868514603113,11.896008491516113,12.219810280827247
V09,0.46468394955778863,11.936403274536133,12.20973079701482
V09,0.46644921396954614,11.98197078704834,12.199651313202395
V09,0.46821447838130364,11.98364543914795,12.189571829389967
V09,0.4699797427930611,11.827547073364258,12.179492345577541
V09,0.4717450072048186,11.694128036499023,12.169412861765114
V09,0.47424146807710066,11.602288246154785,12.155158319055861
V09,0.47600673248885816,11.572465896606445,12.145078835243433
V09,0.47777199690061567,11.459501266479492,12.134999351431006
V09,0.4795372613123732,11.37433910369873,12.12491986761858
V09,0.4813025257241307,11.335882186889648,12.114840383806154
V09,0.4830677901358882,11.364568710327148,12.104760899993726
V09,0.4848330545476457,11.415966987609863,12.0946814161813
V09,0.4865983189594032,11.455403327941895,12.084601932368873
V09,0.48909477983168526,11.378646850585938,12.07034738965962
V09,0.4908600442434427,11.28734302520752,12.060267905847192
V09,0.4926253086552002,11.16825008392334,12.050188422034767
V09,0.4943905730669577,11.198573112487793,12.040108938222339
V09,0.4968870339392398,11.23315143585205,12.025854395513086
V09,0.4986522983509973,11.226164817810059,12.015774911700658
V09,0.5004175627627547,11.259160995483398,12.005695427888233
V09,0.5021828271745122,11.352581024169922,11.995615944075805
V09,0.5039480915862697,11.317512512207031,11.98553646026338
V09,0.5057133559980272,11.22968864440918,11.975456976450952
V09,0.5082098168703093,11.148287773132324,11.961202433741697
V09,0.5099750812820668,11.13202953338623,11.951122949929271
V09,0.5117403456938243,11.15066146850586,11.941043466116845
V09,0.5135056101055818,11.22462272644043,11.930963982304418
V09,0.5160020709778639,11.165003776550293,11.916709439595163
V09,0.5177673353896214,11.210119247436523,11.906629955782737
V09,0.5195325998013789,11.342174530029297,11.89655047197031
V09,0.5212978642131364,11.404401779174805,11.886470988157884
V09,0.5237943250854185,11.415702819824219,11.872216445448629
V09,0.525559589497176,11.421204566955566,11.862136961636203
V09,0.5273248539089335,11.274724960327148,11.852057477823775
V09,0.5298213147812155,11.2842378616333,11.83780293511452
V09,0.531586579192973,11.34190559387207,11.827723451302095
V09,0.5333518436047305,11.399429321289062,11.81764396748967
V09,0.5358483044770125,11.44510555267334,11.803389424780415
V09,0.53761356888877,11.398491859436035,11.793309940967989
V09,0.5393788333005275,11.417559623718262,11.783230457155561
V09,0.5418752941728096,11.45246696472168,11.768975914446308
V09,0.5436405585845671,11.442237854003906,11.75889643063388
V09,0.5454058229963246,11.464497566223145,11.748816946821453
V09,0.5479022838686066,11.550661087036133,11.7345624041122
V09,0.5496675482803641,11.492918968200684,11.724482920299772
V09,0.5521640091526462,11.548920631408691,11.71022837759052
V09,0.5539292735644037,11.541458129882812,11.700148893778092
V09,0.5556945379761612,11.47053337097168,11.690069409965666
V09,0.5581909988484433,11.482976913452148,11.675814867256411
V09,0.5599562632602008,11.498672485351562,11.665735383443984
V09,0.5624527241324828,11.41884994506836,11.651480840734731
V09,0.5642179885442403,11.421757698059082,11.641401356922303
V09,0.5667144494165223,11.427279472351074,11.62714681421305
V09,0.5684797138282798,11.356109619140625,11.617067330400623
V09,0.5709761747005618,11.382194519042969,11.60281278769137
V09,0.5727414391123193,11.384885787963867,11.592733303878942
V09,0.5752378999846014,11.393475532531738,11.578478761169688
V09,0.5777343608568835,11.409102439880371,11.564224218460435
V09,0.579499625268641,11.352459907531738,11.554144734648009
V09,0.581996086140923,11.352056503295898,11.539890191938754
V09,0.5844925470132051,11.3591890335083,11.5256356492295
V09,0.5869890078854871,11.374996185302734,11.511381106520245
V09,0.5887542722972446,11.399575233459473,11.50130162270782
V09,0.5912507331695266,11.43655776977539,11.487047079998565
V09,0.5937471940418086,11.358573913574219,11.472792537289312
V09,0.5962436549140907,11.343157768249512,11.458537994580057
V09,0.5987401157863728,11.291540145874023,11.444283451870803
V09,0.6005053801981303,11.328038215637207,11.434203968058377
V09,0.6030018410704123,11.33874225616455,11.419949425349122
V09,0.6054983019426944,11.29766845703125,11.405694882639867
V09,0.6079947628149764,11.22857666015625,11.391440339930615
V09,0.6104912236872585,11.167177200317383,11.37718579722136
V09,0.6129876845595404,11.068021774291992,11.362931254512107
V09,0.614752948971298,10.954869270324707,11.35285177069968
V09,0.61724940984358,10.832015991210938,11.338597227990427
V09,0.6197458707158621,10.703754425048828,11.324342685281172
V09,0.6222423315881441,10.574379920959473,11.310088142571917
V09,0.6247387924604262,10.448187828063965,11.295833599862664
V09,0.6272352533327082,10.329471588134766,11.28157905715341
V09,0.6290005177444657,10.222526550292969,11.271499573340982
V09,0.6314969786167478,10.131646156311035,11.25724503063173
V09,0.6339934394890299,10.018064498901367,11.242990487922475
V09,0.6357587039007873,9.996122360229492,11.232911004110049
V09,0.6382551647730693,9.908522605895996,11.218656461400794
V09,0.6407516256453514,9.855143547058105,11.204401918691541
V09,0.6425168900571089,9.885011672973633,11.194322434879114
V09,0.6450133509293909,9.939153671264648,11.180067892169859
V09,0.647509811801673,10.047945022583008,11.165813349460606
V09,0.6492750762134305,10.073390007019043,11.155733865648179
V09,0.6517715370857126,10.183401107788086,11.141479322938924
V09,0.6535368014974701,10.245177268981934,11.131399839126498
V09,0.6560332623697521,10.383567810058594,11.117145296417243
V09,0.6577985267815096,10.51561164855957,11.107065812604818
V09,0.6602949876537916,10.63879108428955,11.092811269895563
V09,0.6627914485260736,10.78257942199707,11.07855672718631
V09,0.6645567129378311,10.862702369689941,11.068477243373883
V09,0.6670531738101132,10.928276062011719,11.054222700664628
V09,0.6688184382218707,11.008774757385254,11.044143216852202
V09,0.6713148990941528,10.970085144042969,11.029888674142947
V09,0.6730801635059103,10.988690376281738,11.019809190330522
V09,0.6755766243781923,11.013622283935547,11.005554647621267
V09,0.6773418887899498,10.9107666015625,10.995475163808841
V09,0.6798383496622319,10.876272201538086,10.981220621099586
V09,0.6816036140739894,10.844498634338379,10.971141137287159
V09,0.6833688784857469,10.795210838317871,10.961061653474733
V09,0.685865339358029,10.812713623046875,10.946807110765478
V09,0.6876306037697865,10.848557472229004,10.936727626953052
V09,0.6893958681815439,10.80127239227295,10.926648143140625
V09,0.6918923290538259,10.770695686340332,10.912393600431372
V09,0.6936575934655834,10.884066581726074,10.902314116618944
V09,0.6954228578773409,10.883734703063965,10.892234632806518
V09,0.697919318749623,10.977509498596191,10.877980090097264
V09,0.6996845831613805,11.084949493408203,10.867900606284838
V09,0.7021810440336625,11.1256103515625,10.853646063575583
V09,0.70394630844542,11.158122062683105,10.843566579763156
V09,0.7057115728571776,11.176234245300293,10.83348709595073
V09,0.7074768372689351,11.22828197479248,10.823407612138304
V09,0.7099732981412171,11.260459899902344,10.80915306942905
V09,0.7117385625529746,11.266517639160156,10.799073585616622
V09,0.7142350234252567,11.425074577331543,10.784819042907369
V09,0.7160002878370142,11.446488380432129,10.774739559094941
V09,0.7177655522487717,11.40649127960205,10.764660075282514
V09,0.7195308166605292,11.51420783996582,10.754580591470088
V09,0.7220272775328112,11.642269134521484,10.740326048760835
V09,0.7237925419445687,11.562653541564941,10.73024656494841
V09,0.7255578063563262,11.564205169677734,10.720167081135981
V09,0.7280542672286082,11.534436225891113,10.705912538426727
V09,0.7298195316403657,11.487971305847168,10.695833054614301
V09,0.7315847960521232,11.487232208251953,10.685753570801873
V09,0.7340812569244053,11.463630676269531,10.671499028092619
V09,0.7358465213361628,11.403923034667969,10.661419544280193
V09,0.7376117857479203,11.454812049865723,10.651340060467767
V09,0.7393770501596778,11.52092170715332,10.64126057665534
V09,0.7411423145714353,11.486029624938965,10.631181092842912
V09,0.7436387754437174,11.453997611999512,10.616926550133659
V09,0.7454040398554749,11.396153450012207,10.606847066321233
V09,0.7471693042672324,11.318747520446777,10.596767582508805
V09,0.7489345686789899,11.275585174560547,10.586688098696378
V09,0.751431029551272,11.261391639709473,10.572433555987125
V09,0.7531962939630295,11.12253189086914,10.562354072174697
V09,0.754961558374787,10.947408676147461,10.55227458836227
V09,0.7567268227865445,10.913228988647461,10.542195104549844
V09,0.758492087198302,10.84278678894043,10.532115620737418
V09,0.7609885480705839,10.717180252075195,10.517861078028165
V09,0.7627538124823414,10.579998970031738,10.507781594215738
V09,0.7645190768940989,10.640368461608887,10.49770211040331
V09,0.7662843413058564,10.753124237060547,10.487622626590884
V09,0.7680496057176139,10.741286277770996,10.477543142778458
V09,0.7698148701293714,10.704791069030762,10.46746365896603
V09,0.7723113310016535,10.788799285888672,10.453209116256776
V09,0.774076595413411,10.993310928344727,10.44312963244435
V09,0.7758418598251685,11.123759269714355,10.433050148631924
V09,0.7783383206974506,11.228445053100586,10.418795605922668
V09,0.7801035851092081,11.320450782775879,10.408716122110242
V09,0.7818688495209656,11.428448677062988,10.398636638297816
V09,0.7836341139327231,11.498418807983398,10.388557154485389
V09,0.7853993783444806,11.51921272277832,10.378477670672961
V09,0.7878958392167627,11.536369323730469,10.364223127963708
V09,0.7896611036285202,11.54517650604248,10.354143644151282
V09,0.7914263680402777,11.427605628967285,10.344064160338855
V09,0.7931916324520352,11.40078353881836,10.333984676526427
V09,0.7956880933243172,11.420106887817383,10.319730133817174
V09,0.7974533577360746,11.424468994140625,10.309650650004748
V09,0.7992186221478321,11.413869857788086,10.29957116619232
V09,0.8009838865595896,11.430517196655273,10.289491682379893
V09,0.8034803474318717,11.474411010742188,10.27523713967064
V09,0.8052456118436292,11.503342628479004,10.265157655858214
V09,0.8070108762553867,11.366334915161133,10.255078172045787
V09,0.8087761406671442,11.363018989562988,10.244998688233359
V09,0.8112726015394263,11.411564826965332,10.230744145524106
V09,0.8130378659511838,11.50190544128418,10.22066466171168
V09,0.8148031303629413,11.526962280273438,10.210585177899253
V09,0.8165683947746988,11.565766334533691,10.200505694086825
V09,0.8190648556469808,11.555395126342773,10.186251151377572
V09,0.8208301200587383,11.546890258789062,10.176171667565145
V09,0.8225953844704958,11.528548240661621,10.166092183752717
V09,0.8243606488822534,11.501757621765137,10.156012699940291
V09,0.8268571097545354,11.465206146240234,10.141758157231038
V09,0.8286223741662929,11.373764038085938,10.13167867341861
V09,0.8303876385780504,11.22743034362793,10.121599189606183
V09,0.8321529029898079,11.203413963317871,10.111519705793757
V09,0.8339181674015654,11.204851150512695,10.101440221981331
V09,0.8364146282738474,11.136517524719238,10.087185679272077
V09,0.8381798926856049,11.017313003540039,10.077106195459649
V09,0.8399451570973624,11.024444580078125,10.067026711647223
V09,0.8417104215091199,11.104111671447754,10.056947227834797
V09,0.8434756859208774,11.13287353515625,10.04686774402237
V09,0.8459721467931595,11.039850234985352,10.032613201313115
V09,0.847737411204917,11.069454193115234,10.02253371750069
V09,0.8495026756166745,11.118273735046387,10.012454233688263
V09,0.851267940028432,11.144472122192383,10.002374749875836
V09,0.853764400900714,11.080869674682617,9.988120207166581
V09,0.8555296653124715,10.956480026245117,9.978040723354155
V09,0.857294929724229,10.896724700927734,9.96796123954173
V09,0.8590601941359866,10.89979362487793,9.957881755729302
V09,0.8615566550082686,10.7659912109375,9.943627213020047
V09,0.8633219194200261,10.578545570373535,9.933547729207621
V09,0.8650871838317836,10.338177680969238,9.923468245395195
V09,0.8668524482435411,10.188179016113281,9.913388761582768
V09,0.8686177126552986,10.017629623413086,9.90330927777034
V09,0.8711141735275807,9.905667304992676,9.889054735061087
V09,0.8728794379393382,9.759414672851562,9.87897525124866
V09,0.8746447023510957,9.631229400634766,9.868895767436232
V09,0.8764099667628531,9.604071617126465,9.858816283623806
V09,0.8781752311746106,9.633535385131836,9.84873679981138
V09,0.8806716920468927,9.644611358642578,9.834482257102128
V09,0.8824369564586502,9.620153427124023,9.8244027732897
V09,0.8842022208704077,9.62109088897705,9.814323289477272
V09,0.8859674852821652,9.800437927246094,9.804243805664846
V09,0.8884639461544472,9.996830940246582,9.789989262955592
V09,0.8902292105662047,10.123213768005371,9.779909779143164
V09,0.8919944749779622,10.144609451293945,9.769830295330738
V09,0.8937597393897198,10.093086242675781,9.759750811518312
V09,0.8955250038014773,10.020774841308594,9.749671327705885
V09,0.8972902682132348,9.781065940856934,9.739591843893457
V09,0.8990555326249923,9.31716251373291,9.729512360081031
V09,0.9008207970367498,8.907652854919434,9.719432876268606
V09,0.9025860614485073,8.4970064163208,9.709353392456178
V09,0.9050825223207893,8.002961158752441,9.695098849746923
V09,0.9075789831930714,7.353708267211914,9.68084430703767
V09,0.9100754440653535,6.741377830505371,9.666589764328416
V09,0.9118407084771109,6.10210657119751,9.65651028051599
V09,0.9143371693493929,5.470409870147705,9.642255737806735
V09,0.916833630221675,4.8697309494018555,9.628001195097482
V09,0.919330091093957,4.258023738861084,9.613746652388228
V09,0.9210953555057145,3.826098680496216,9.6036671685758
V09,0.9235918163779966,3.4262032508850098,9.589412625866547
V09,0.9260882772502786,3.183657169342041,9.575158083157293
V09,0.9278535416620362,3.091681957244873,9.565078599344865
V09,0.9303500025343182,3.056889057159424,9.550824056635612
V09,0.9328464634066003,2.9177699089050293,9.536569513926358
V09,0.9353429242788822,2.9256386756896973,9.522314971217105
V09,0.9378393851511643,2.948575258255005,9.50806042850785
V09,0.9403358460234463,3.0934712886810303,9.493805885798597
V09,0.9428323068957284,3.2342529296875,9.47955134308934
V09,0.9453287677680104,3.3528125286102295,9.465296800380088
V09,0.947094032179768,3.6664748191833496,9.455217316567662
V09,0.94959049305205,4.038346767425537,9.440962773858407
V09,0.9513557574638075,4.3532938957214355,9.43088329004598
V09,0.953121021875565,4.685621738433838,9.420803806233554
V09,0.9556174827478471,5.087742805480957,9.4065492635243
V09,0.958113943620129,5.379944324493408,9.392294720815046
V09,0.9598792080318865,5.625843524932861,9.382215237002619
V09,0.9623756689041686,5.844503879547119,9.367960694293366
V09,0.9641409333159261,5.9302191734313965,9.357881210480938
V09,0.9666373941882082,5.92320442199707,9.343626667771684
V09,0.9684026585999657,5.731574535369873,9.333547183959258
V09,0.9708991194722477,5.5637526512146,9.319292641250003
V09,0.9726643838840052,5.35270357131958,9.309213157437576
V09,0.9744296482957627,5.139482498168945,9.29913367362515
V09,0.9769261091680448,4.881491184234619,9.284879130915897
V09,0.9786913735798023,4.777505397796631,9.27479964710347
V09,0.9811878344520844,4.646477222442627,9.260545104394215
V09,0.9836842953243664,4.514141082763672,9.246290561684962
V09,0.9854495597361238,4.380497455596924,9.236211077872536
V09,0.9879460206084059,4.245546817779541,9.221956535163281
V09,0.9904424814806879,4.109288692474365,9.207701992454027
V09,0.9922077458924454,3.971723794937134,9.1976225086416
V09,0.9947042067647275,3.8328511714935303,9.183367965932346
V09,0.996469471176485,3.692671775817871,9.173288482119919
V09,0.9982347355882425,3.551185131072998,9.163208998307493
V09,1.0,3.408390760421753,9.153129514495067
V11,0.0,3.445575475692749,11.082911224297309
V11,0.0017943148194093893,3.9691405296325684,11.086765216595252
V11,0.0035886296388187786,4.471524715423584,11.090619208893193
V11,0.005382944458228168,4.952727317810059,11.094473201191136
V11,0.007920488811003957,5.412749290466309,11.099923569368165
V11,0.009714803630413346,5.851589202880859,11.103777561666108
V11,0.011509118449822735,6.269248962402344,11.107631553964051
V11,0.013303433269232124,6.665726661682129,11.111485546261992
V11,0.015840977622007913,7.0410237312316895,11.116935914439024
V11,0.017635292441417302,7.395139694213867,11.120789906736967
V11,0.01942960726082669,7.728072166442871,11.124643899034908
V11,0.02122392208023608,8.078352928161621,11.12849789133285
V11,0.02301823689964547,8.461932182312012,11.132351883630792
V11,0.02481255171905486,8.690508842468262,11.136205875928734
V11,0.02660686653846425,8.828652381896973,11.140059868226677
V11,0.028401181357873638,9.022429466247559,11.143913860524618
V11,0.03019549617728303,9.146239280700684,11.147767852822561
V11,0.031989810996692424,9.31185531616211,11.151621845120502
V11,0.03378412581610181,9.373400688171387,11.155475837418445
V11,0.0363216701688776,9.573261260986328,11.160926205595477
V11,0.03811598498828699,9.75951099395752,11.164780197893418
V11,0.03991029980769638,9.992125511169434,11.16863419019136
V11,0.04244784416047217,10.213693618774414,11.174084558368392
V11,0.04424215897988156,10.393345832824707,11.177938550666333
V11,0.04603647379929095,10.567410469055176,11.181792542964276
V11,0.04857401815206674,10.797455787658691,11.187242911141308
V11,0.05036833297147613,10.96225357055664,11.191096903439249
V11,0.052162647790885516,11.113859176635742,11.194950895737191
V11,0.05470019214366131,11.268268585205078,11.200401263914221
V11,0.0564945069630707,11.469887733459473,11.204255256212164
V11,0.05903205131584648,11.490662574768066,11.209705624389196
V11,0.06082636613525587,11.556421279907227,11.213559616687137
V11,0.06336391048803165,11.67042350769043,11.219009984864169
V11,0.06515822530744105,11.576322555541992,11.222863977162111
V11,0.06695254012685044,11.492117881774902,11.226717969460053
V11,0.06949008447962622,11.400629043579102,11.232168337637084
V11,0.0712843992990356,11.355428695678711,11.236022329935025
V11,0.07307871411844499,11.343398094177246,11.239876322232968
V11,0.07487302893785439,11.278045654296875,11.24373031453091
V11,0.07741057329063017,11.313247680664062,11.24918068270794
V11,0.07920488811003956,11.325571060180664,11.253034675005884
V11,0.08099920292944894,11.377216339111328,11.256888667303826
V11,0.08279351774885833,11.46367359161377,11.260742659601767
V11,0.08533106210163412,11.567819595336914,11.2661930277788
V11,0.08712537692104351,11.691478729248047,11.270047020076742
V11,0.0889196917404529,11.82675552368164,11.273901012374683
V11,0.09145723609322869,11.893531799316406,11.279351380551715
V11,0.09325155091263808,11.960816383361816,11.283205372849656
V11,0.09504586573204746,12.063786506652832,11.287059365147599
V11,0.09758341008482324,12.243884086608887,11.29250973332463
V11,0.09937772490423263,12.247859954833984,11.296363725622571
V11,0.10117203972364203,12.264622688293457,11.300217717920514
V11,0.10296635454305142,12.273735046386719,11.304071710218455
V11,0.1055038988958272,12.294377326965332,11.309522078395487
V11,0.10729821371523658,12.264129638671875,11.31337607069343
V11,0.10909252853464597,12.168367385864258,11.31723006299137
V11,0.11163007288742176,12.041585922241211,11.322680431168402
V11,0.11342438770683115,11.907432556152344,11.326534423466345
V11,0.11521870252624053,11.833105087280273,11.330388415764286
V11,0.11775624687901631,11.742692947387695,11.335838783941318
V11,0.1195505616984257,11.612550735473633,11.33969277623926
V11,0.12134487651783508,11.607549667358398,11.343546768537202
V11,0.12313919133724448,11.572009086608887,11.347400760835145
V11,0.12567673569002027,11.4907808303833,11.352851129012175
V11,0.12747105050942964,11.436338424682617,11.356705121310117
V11,0.12926536532883903,11.480464935302734,11.36055911360806
V11,0.13105968014824843,11.535016059875488,11.364413105906001
V11,0.13285399496765782,11.564800262451172,11.368267098203944
V11,0.1353915393204336,11.698487281799316,11.373717466380976
V11,0.137185854139843,11.779311180114746,11.377571458678917
V11,0.1389801689592524,11.726072311401367,11.38142545097686
V11,0.14151771331202817,11.73808479309082,11.38687581915389
V11,0.14331202813143756,11.82252025604248,11.390729811451832
V11,0.14510634295084696,11.887990951538086,11.394583803749775
V11,0.14690065777025632,11.816814422607422,11.398437796047716
V11,0.14943820212303213,11.783075332641602,11.403888164224748
V11,0.1512325169424415,11.767972946166992,11.40774215652269
V11,0.1530268317618509,11.787252426147461,11.411596148820632
V11,0.15556437611462667,11.890754699707031,11.417046516997663
V11,0.15735869093403607,11.88552474975586,11.420900509295604
V11,0.15915300575344546,11.873258590698242,11.424754501593547
V11,0.16094732057285485,11.923041343688965,11.42860849389149
V11,0.16348486492563064,11.85594367980957,11.43405886206852
V11,0.16527917974504003,11.808588027954102,11.437912854366463
V11,0.16707349456444942,11.824872016906738,11.441766846664406
V11,0.1696110389172252,11.897625923156738,11.447217214841436
V11,0.1714053537366346,11.855687141418457,11.451071207139378
V11,0.17319966855604396,11.819257736206055,11.45492519943732
V11,0.17573721290881975,11.833775520324707,11.460375567614351
V11,0.17753152772822914,11.785087585449219,11.464229559912294
V11,0.17932584254763853,11.701346397399902,11.468083552210235
V11,0.18112015736704792,11.658595085144043,11.471937544508178
V11,0.1836577017198237,11.630326271057129,11.47738791268521
V11,0.1854520165392331,11.544594764709473,11.48124190498315
V11,0.1872463313586425,11.546937942504883,11.485095897281093
V11,0.18978387571141828,11.565411567687988,11.490546265458125
V11,0.19157819053082767,11.537320137023926,11.494400257756066
V11,0.19337250535023706,11.550724029541016,11.498254250054009
V11,0.19516682016964645,11.702385902404785,11.50210824235195
V11,0.19770436452242224,11.66903018951416,11.507558610528982
V11,0.1994986793418316,11.610886573791504,11.511412602826924
V11,0.201292994161241,11.603998184204102,11.515266595124865
V11,0.20383053851401678,11.62625789642334,11.520716963301897
V11,0.20562485333342617,11.578451156616211,11.524570955599838
V11,0.20741916815283556,11.621365547180176,11.528424947897781
V11,0.20995671250561135,11.629173278808594,11.533875316074813
V11,0.21175102732502074,11.493406295776367,11.537729308372754
V11,0.21354534214443013,11.471714973449707,11.541583300670696
V11,0.21608288649720592,11.467235565185547,11.547033668847728
V11,0.2178772013166153,11.384745597839355,11.55088766114567
V11,0.2196715161360247,11.29298210144043,11.554741653443612
V11,0.2214658309554341,11.191946029663086,11.558595645741555
V11,0.22400337530820988,11.1122407913208,11.564046013918585
V11,0.22579769012761924,11.103706359863281,11.567900006216528
V11,0.22759200494702864,11.084413528442383,11.571753998514469
V11,0.23012954929980445,11.062859535217285,11.5772043666915
V11,0.23192386411921384,11.067197799682617,11.581058358989443
V11,0.23371817893862323,11.127931594848633,11.584912351287384
V11,0.23625572329139904,11.277108192443848,11.590362719464416
V11,0.23805003811080844,11.22588062286377,11.594216711762359
V11,0.23984435293021783,11.202272415161133,11.5980707040603
V11,0.24238189728299364,11.25182056427002,11.603521072237331
V11,0.244176212102403,11.324685096740723,11.607375064535274
V11,0.24671375645517882,11.340423583984375,11.612825432712304
V11,0.2485080712745882,11.426403999328613,11.616679425010247
V11,0.25030238609399763,11.50218391418457,11.620533417308188
V11,0.25283993044677344,11.487318992614746,11.62598378548522
V11,0.2546342452661828,11.589621543884277,11.629837777783163
V11,0.2571717896189586,11.551440238952637,11.635288145960192
V11,0.258966104438368,11.549983024597168,11.639142138258135
V11,0.2607604192577774,11.535409927368164,11.642996130556078
V11,0.2632979636105532,11.507721900939941,11.648446498733108
V11,0.2650922784299626,11.466917037963867,11.65230049103105
V11,0.2676298227827384,11.44360065460205,11.657750859208083
V11,0.2694241376021478,11.357328414916992,11.661604851506024
V11,0.2719616819549236,11.335469245910645,11.667055219683055
V11,0.273755996774333,11.328182220458984,11.670909211980998
V11,0.2762935411271088,11.385308265686035,11.676359580158028
V11,0.2780878559465182,11.37947940826416,11.68021357245597
V11,0.280625400299294,11.36053466796875,11.685663940633003
V11,0.2824197151187034,11.328474044799805,11.689517932930944
V11,0.2842140299381128,11.333365440368652,11.693371925228886
V11,0.2867515742908886,11.344930648803711,11.698822293405918
V11,0.288545889110298,11.344843864440918,11.702676285703859
V11,0.2910834334630738,11.364521980285645,11.70812665388089
V11,0.2928777482824832,11.42342758178711,11.711980646178834
V11,0.295415292635259,11.441216468811035,11.717431014355864
V11,0.2979528369880348,11.468769073486328,11.722881382532895
V11,0.2997471518074442,11.4259672164917,11.726735374830838
V11,0.30228469616021997,11.441317558288574,11.732185743007868
V11,0.30407901097962936,11.385676383972168,11.73603973530581
V11,0.30661655533240517,11.387548446655273,11.741490103482842
V11,0.309154099685181,11.317790985107422,11.746940471659872
V11,0.3109484145045904,11.304909706115723,11.750794463957815
V11,0.3134859588573662,11.300202369689941,11.756244832134847
V11,0.316023503210142,11.304808616638184,11.761695200311877
V11,0.3185610475629178,11.319865226745605,11.767145568488909
V11,0.3203553623823272,11.346511840820312,11.770999560786851
V11,0.322892906735103,11.33581829071045,11.776449928963881
V11,0.3254304510878788,11.338665962219238,11.781900297140913
V11,0.32796799544065464,11.27493667602539,11.787350665317945
V11,0.32976231026006403,11.273136138916016,11.791204657615888
V11,0.33229985461283984,11.25314712524414,11.796655025792917
V11,0.33483739896561565,11.234435081481934,11.80210539396995
V11,0.33737494331839146,11.248414993286133,11.80755576214698
V11,0.3399124876711673,11.276761054992676,11.81300613032401
V11,0.3424500320239431,11.28919506072998,11.818456498501043
V11,0.3449875763767189,11.256155014038086,11.823906866678074
V11,0.3475251207294947,11.23580265045166,11.829357234855106
V11,0.3493194355489041,11.247504234313965,11.833211227153047
V11,0.3518569799016799,11.259843826293945,11.838661595330079
V11,0.3543945242544557,11.253357887268066,11.84411196350711
V11,0.35693206860723153,11.258322715759277,11.84956233168414
V11,0.35946961296000735,11.293065071105957,11.855012699861172
V11,0.36200715731278316,11.306705474853516,11.860463068038204
V11,0.36454470166555897,11.329520225524902,11.865913436215235
V11,0.36633901648496836,11.360371589660645,11.869767428513176
V11,0.3688765608377441,11.342936515808105,11.875217796690208
V11,0.3714141051905199,11.417105674743652,11.88066816486724
V11,0.37395164954329574,11.388457298278809,11.88611853304427
V11,0.37648919389607155,11.419322967529297,11.891568901221302
V11,0.37828350871548094,11.530147552490234,11.895422893519244
V11,0.38082105306825675,11.575535774230957,11.900873261696274
V11,0.38335859742103257,11.695379257202148,11.906323629873306
V11,0.38515291224044196,11.771315574645996,11.910177622171249
V11,0.38769045659321777,11.874151229858398,11.915627990348279
V11,0.38948477141262716,11.957310676574707,11.919481982646221
V11,0.392022315765403,11.991500854492188,11.924932350823253
V11,0.3945598601181788,12.047531127929688,11.930382719000283
V11,0.3963541749375882,12.055052757263184,11.934236711298226
V11,0.398891719290364,12.076062202453613,11.939687079475258
V11,0.4014292636431398,12.083608627319336,11.94513744765229
V11,0.4032235784625492,12.079290390014648,11.94899143995023
V11,0.405761122815325,12.139232635498047,11.954441808127262
V11,0.4075554376347344,12.114795684814453,11.958295800425203
V11,0.4093497524541438,12.072482109069824,11.962149792723146
V11,0.4118872968069196,12.060264587402344,11.967600160900178
V11,0.413681611626329,12.042118072509766,11.971454153198119
V11,0.4154759264457384,12.081820487976074,11.975308145496061
V11,0.4180134707985142,12.024599075317383,11.980758513673093
V11,0.41980778561792353,12.110300064086914,11.984612505971034
V11,0.42234532997069935,12.178993225097656,11.990062874148066
V11,0.42413964479010874,12.164982795715332,11.993916866446009
V11,0.42667718914288455,12.198780059814453,11.999367234623039
V11,0.42847150396229394,12.206792831420898,12.003221226920981
V11,0.43026581878170334,12.253621101379395,12.007075219218923
V11,0.43206013360111273,12.2512788772583,12.010929211516865
V11,0.43459767795388854,12.226813316345215,12.016379579693897
V11,0.43639199277329793,12.215306282043457,12.020233571991838
V11,0.4381863075927073,12.158101081848145,12.02408756428978
V11,0.44072385194548314,12.180026054382324,12.029537932466813
V11,0.44251816676489253,12.169453620910645,12.033391924764754
V11,0.4443124815843019,12.153956413269043,12.037245917062696
V11,0.4461067964037113,12.177706718444824,12.04109990936064
V11,0.4479011112231207,12.117470741271973,12.04495390165858
V11,0.4504386555758965,12.08716106414795,12.050404269835612
V11,0.4522329703953059,12.130410194396973,12.054258262133555
V11,0.4540272852147153,12.11544132232666,12.058112254431496
V11,0.4558216000341247,12.076144218444824,12.061966246729439
V11,0.45761591485353403,12.024068832397461,12.06582023902738
V11,0.45941022967294337,12.062677383422852,12.069674231325322
V11,0.4619477740257192,12.04306697845459,12.075124599502354
V11,0.4637420888451286,12.034889221191406,12.078978591800295
V11,0.46553640366453797,12.034178733825684,12.082832584098238
V11,0.46733071848394736,12.075854301452637,12.086686576396179
V11,0.46912503330335675,12.082122802734375,12.090540568694122
V11,0.47166257765613256,12.05298137664795,12.095990936871154
V11,0.47345689247554196,12.03919506072998,12.099844929169095
V11,0.47525120729495135,12.065672874450684,12.103698921467037
V11,0.47704552211436074,12.112431526184082,12.10755291376498
V11,0.47883983693377014,12.15582275390625,12.111406906062921
V11,0.48063415175317953,12.181453704833984,12.115260898360864
V11,0.4824284665725889,12.198576927185059,12.119114890658805
V11,0.48496601092536473,12.207193374633789,12.124565258835837
V11,0.4867603257447741,12.207303047180176,12.12841925113378
V11,0.4885546405641835,12.204586029052734,12.13227324343172
V11,0.4903489553835929,12.177692413330078,12.136127235729663
V11,0.4921432702030023,12.080341339111328,12.139981228027604
V11,0.49393758502241164,12.077576637268066,12.143835220325547
V11,0.49573189984182103,12.121114730834961,12.14768921262349
V11,0.4975262146612304,12.210954666137695,12.151543204921431
V11,0.5000637590140062,12.263620376586914,12.156993573098463
V11,0.5018580738334156,12.291749954223633,12.160847565396406
V11,0.503652388652825,12.304596900939941,12.164701557694347
V11,0.5054467034722344,12.30216121673584,12.16855554999229
V11,0.5072410182916438,12.284442901611328,12.17240954229023
V11,0.5090353331110532,12.266377449035645,12.176263534588173
V11,0.5108296479304626,12.282882690429688,12.180117526886116
V11,0.512623962749872,12.309049606323242,12.183971519184057
V11,0.5144182775692814,12.30336856842041,12.187825511482
V11,0.5162125923886908,12.27847671508789,12.191679503779941
V11,0.5187501367414665,12.243629455566406,12.197129871956973
V11,0.5205444515608759,12.198824882507324,12.200983864254916
V11,0.5223387663802853,12.144064903259277,12.204837856552857
V11,0.5241330811996947,12.079347610473633,12.2086918488508
V11,0.5259273960191041,12.004673957824707,12.212545841148742
V11,0.5277217108385135,11.934979438781738,12.216399833446683
V11,0.5295160256579229,11.905181884765625,12.220253825744626
V11,0.5313103404773323,11.959601402282715,12.224107818042567
V11,0.5331046552967417,11.990747451782227,12.22796181034051
V11,0.5348989701161511,12.0,12.231815802638451
V11,0.5366932849355605,12.0,12.235669794936394
V11,0.5384875997549698,12.0,12.239523787234337
V11,0.5402819145743792,12.0,12.243377779532278
V11,0.5420762293937886,12.0,12.24723177183022
V11,0.543870544213198,12.0,12.251085764128163
V11,0.5456648590326074,12.0,12.254939756426104
V11,0.5474591738520168,12.0,12.258793748724047
V11,0.5492534886714262,12.0,12.262647741021988
V11,0.5510478034908356,12.0,12.26650173331993
V11,0.552842118310245,11.990747451782227,12.270355725617872
V11,0.5546364331296544,11.959601402282715,12.274209717915815
V11,0.5564307479490638,11.905181884765625,12.278063710213758
V11,0.5582250627684732,11.89208698272705,12.281917702511699
V11,0.5600193775878826,11.958578109741211,12.285771694809641
V11,0.561813692407292,12.060338020324707,12.289625687107584
V11,0.5636080072267013,12.162445068359375,12.293479679405525
V11,0.5654023220461107,12.24996566772461,12.297333671703468
V11,0.5671966368655201,12.32289981842041,12.301187664001409
V11,0.5689909516849294,12.381246566772461,12.305041656299352
V11,0.5715284960377053,12.425006866455078,12.310492024476384
V11,0.5733228108571147,12.444927215576172,12.314346016774325
V11,0.5751171256765241,12.455401420593262,12.318200009072267
V11,0.5769114404959335,12.465141296386719,12.322054001370208
V11,0.5787057553153429,12.459212303161621,12.325907993668151
V11,0.5805000701347522,12.437614440917969,12.329761985966094
V11,0.5822943849541616,12.32116985321045,12.333615978264035
V11,0.5848319293069374,12.275936126708984,12.339066346441067
V11,0.5866262441263468,12.257594108581543,12.34292033873901
V11,0.5884205589457562,12.23122501373291,12.34677433103695
V11,0.5902148737651656,12.181893348693848,12.350628323334893
V11,0.592009188584575,12.115280151367188,12.354482315632834
V11,0.5938035034039844,12.080700874328613,12.358336307930777
V11,0.5955978182233937,12.150084495544434,12.36219030022872
V11,0.5973921330428031,12.212682723999023,12.366044292526661
V11,0.5991864478622125,12.276947021484375,12.369898284824604
V11,0.6017239922149884,12.299924850463867,12.375348653001636
V11,0.6035183070343977,12.295361518859863,12.379202645299577
V11,0.6053126218538071,12.323454856872559,12.38305663759752
V11,0.6078501662065829,12.257943153381348,12.38850700577455
V11,0.6096444810259923,12.18037223815918,12.392360998072492
V11,0.6114387958454017,12.091849327087402,12.396214990370435
V11,0.6132331106648111,12.008413314819336,12.400068982668376
V11,0.6157706550175869,11.972296714782715,12.405519350845408
V11,0.6175649698369963,11.84284496307373,12.40937334314335
V11,0.6193592846564057,11.710858345031738,12.413227335441292
V11,0.6218968290091815,11.627281188964844,12.418677703618323
V11,0.6236911438285909,11.593647956848145,12.422531695916266
V11,0.6254854586480003,11.5477294921875,12.426385688214207
V11,0.6280230030007761,11.541851043701172,12.431836056391239
V11,0.6298173178201855,11.46239185333252,12.43569004868918
V11,0.6323548621729613,11.381251335144043,12.441140416866212
V11,0.6341491769923707,11.362770080566406,12.444994409164154
V11,0.6359434918117801,11.418675422668457,12.448848401462095
V11,0.6384810361645559,11.358906745910645,12.454298769639127
V11,0.6402753509839653,11.366899490356445,12.45815276193707
V11,0.6420696658033747,11.388500213623047,12.462006754235011
V11,0.6446072101561504,11.471199035644531,12.467457122412043
V11,0.6464015249755598,11.569457054138184,12.471311114709984
V11,0.6481958397949692,11.56705379486084,12.475165107007927
V11,0.6507333841477451,11.578919410705566,12.480615475184958
V11,0.6525276989671545,11.448848724365234,12.4844694674829
V11,0.6543220137865638,11.356185913085938,12.488323459780842
V11,0.6561163286059732,11.299825668334961,12.492177452078785
V11,0.658653872958749,11.18896770477295,12.497627820255815
V11,0.6604481877781584,11.137234687805176,12.501481812553758
V11,0.6622425025975678,11.092299461364746,12.5053358048517
V11,0.6640368174169772,10.980988502502441,12.509189797149642
V11,0.6658311322363866,10.917235374450684,12.513043789447584
V11,0.667625447055796,11.040121078491211,12.516897781745525
V11,0.6694197618752054,11.155221939086914,12.520751774043468
V11,0.6719573062279812,11.43380069732666,12.5262021422205
V11,0.6737516210473906,11.809760093688965,12.530056134518441
V11,0.6755459358668,12.223132133483887,12.533910126816384
V11,0.6773402506862093,12.645947456359863,12.537764119114325
V11,0.6791345655056187,13.154029846191406,12.541618111412268
V11,0.6809288803250281,13.670723915100098,12.54547210371021
V11,0.6827231951444375,14.173260688781738,12.549326096008151
V11,0.6852607394972133,14.551065444946289,12.554776464185183
V11,0.6877982838499891,14.871896743774414,12.560226832362215
V11,0.6895925986693985,15.008040428161621,12.564080824660156
V11,0.6921301430221743,15.097183227539062,12.569531192837188
V11,0.6939244578415837,15.155961036682129,12.57338518513513
V11,0.6964620021943595,15.165888786315918,12.57883555331216
V11,0.6989995465471354,15.012721061706543,12.584285921489192
V11,0.7007938613665448,14.73542308807373,12.588139913787135
V11,0.7033314057193205,14.502068519592285,12.593590281964165
V11,0.7051257205387299,14.199702262878418,12.597444274262108
V11,0.7076632648915058,13.890663146972656,12.60289464243914
V11,0.7102008092442815,13.81338882446289,12.60834501061617
V11,0.7119951240636909,13.648361206054688,12.612199002914112
V11,0.7137894388831003,13.501006126403809,12.616052995212055
V11,0.7163269832358762,13.459477424621582,12.621503363389085
V11,0.7181212980552856,13.398805618286133,12.625357355687028
V11,0.7206588424080613,13.339409828186035,12.63080772386406
V11,0.7231963867608372,13.351982116699219,12.636258092041091
V11,0.7249907015802465,13.332409858703613,12.640112084339032
V11,0.7275282459330223,13.298463821411133,12.645562452516064
V11,0.7300657902857981,13.33183765411377,12.651012820693094
V11,0.7318601051052075,13.369782447814941,12.654866812991036
V11,0.7343976494579834,13.4469633102417,12.660317181168068
V11,0.7369351938107591,13.532441139221191,12.6657675493451
V11,0.7387295086301685,13.481971740722656,12.66962154164304
V11,0.7412670529829444,13.52696418762207,12.675071909820073
V11,0.7438045973357201,13.45803165435791,12.680522277997104
V11,0.7455989121551295,13.447896957397461,12.684376270295045
V11,0.7481364565079054,13.591449737548828,12.689826638472077
V11,0.7506740008606811,13.57731819152832,12.695277006649109
V11,0.753211545213457,13.547719955444336,12.70072737482614
V11,0.7550058600328664,13.671809196472168,12.704581367124081
V11,0.7568001748522758,13.638215065002441,12.708435359422024
V11,0.7593377192050516,13.589154243469238,12.713885727599054
V11,0.7618752635578274,13.693780899047852,12.719336095776086
V11,0.7644128079106032,13.64072322845459,12.724786463953118
V11,0.7662071227300126,13.655660629272461,12.728640456251059
V11,0.7687446670827884,13.660348892211914,12.73409082442809
V11,0.7705389819021978,13.524723052978516,12.737944816726033
V11,0.7730765262549736,13.480191230773926,12.743395184903065
V11,0.7756140706077495,13.526755332946777,12.748845553080095
V11,0.7774083854271588,13.507680892944336,12.752699545378038
V11,0.7799459297799346,13.496902465820312,12.75814991355507
V11,0.7824834741327104,13.433637619018555,12.7636002817321
V11,0.7842777889521197,13.370115280151367,12.767454274030042
V11,0.7868153333048956,13.353877067565918,12.772904642207074
V11,0.788609648124305,13.292028427124023,12.776758634505015
V11,0.7911471924770808,13.334132194519043,12.782209002682047
V11,0.7936847368298566,13.358656883239746,12.787659370859078
V11,0.7962222811826324,13.253178596496582,12.793109739036108
V11,0.7987598255354083,13.151167869567871,12.79856010721314
V11,0.8005541403548176,13.089730262756348,12.802414099511083
V11,0.8030916847075934,12.915874481201172,12.807864467688113
V11,0.8056292290603693,12.812910079956055,12.813314835865144
V11,0.8074235438797787,12.772406578063965,12.817168828163087
V11,0.8099610882325544,12.493791580200195,12.822619196340117
V11,0.8124986325853303,12.272011756896973,12.828069564517149
V11,0.815036176938106,12.008360862731934,12.83351993269418
V11,0.8168304917575154,11.817082405090332,12.837373924992121
V11,0.8193680361102913,11.725393295288086,12.842824293169153
V11,0.8211623509297007,11.522446632385254,12.846678285467096
V11,0.8236998952824764,11.37230396270752,12.852128653644126
V11,0.8254942101018858,11.416971206665039,12.855982645942069
V11,0.8272885249212952,11.645486831665039,12.859836638240012
V11,0.8290828397407046,11.897029876708984,12.863690630537953
V11,0.8316203840934805,12.175220489501953,12.869140998714984
V11,0.8334146989128898,12.313072204589844,12.872994991012927
V11,0.8352090137322992,12.318657875061035,12.876848983310868
V11,0.8370033285517086,12.245226860046387,12.880702975608811
V11,0.838797643371118,11.966169357299805,12.884556967906752
V11,0.8413351877238938,11.481359481811523,12.890007336083784
V11,0.8431295025433032,10.91732120513916,12.893861328381726
V11,0.845667046896079,10.293684005737305,12.899311696558758
V11,0.8482045912488548,9.592755317687988,12.904762064735788
V11,0.8507421356016306,8.762224197387695,12.91021243291282
V11,0.8532796799544065,7.941479206085205,12.915662801089852
V11,0.8550739947738158,7.257767200469971,12.919516793387793
V11,0.8568683095932252,6.6470537185668945,12.923370785685735
V11,0.859405853946001,6.031968593597412,12.928821153862767
V11,0.8612001687654104,5.537439346313477,12.932675146160708
V11,0.8629944835848198,5.246821880340576,12.936529138458651
V11,0.8655320279375956,5.232767105102539,12.941979506635683
V11,0.8680695722903714,5.388289451599121,12.947429874812713
V11,0.8698638871097808,5.684678554534912,12.951283867110655
V11,0.8724014314625567,6.009991645812988,12.956734235287687
V11,0.8749389758153324,6.279372215270996,12.962184603464717
V11,0.8767332906347418,6.4307074546813965,12.96603859576266
V11,0.8785276054541512,6.575799465179443,12.969892588060603
V11,0.881065149806927,6.714648246765137,12.975342956237633
V11,0.8828594646263364,6.666802406311035,12.979196948535575
V11,0.8853970089791122,6.580123424530029,12.984647316712607
V11,0.8871913237985216,6.530116558074951,12.988501309010548
V11,0.888985638617931,6.449432849884033,12.992355301308491
V11,0.8907799534373404,6.318808555603027,12.996209293606432
V11,0.8925742682567498,6.243730068206787,13.000063285904375
V11,0.8943685830761592,6.2386393547058105,13.003917278202316
V11,0.8961628978955686,6.1598052978515625,13.007771270500259
V11,0.897957212714978,6.0860700607299805,13.011625262798201
V11,0.8997515275343874,6.006292343139648,13.015479255096142
V11,0.9015458423537968,6.018604755401611,13.019333247394085
V11,0.9033401571732061,5.99156379699707,13.023187239692028
V11,0.9058777015259819,5.925168991088867,13.028637607869058
V11,0.9076720163453913,5.980147361755371,13.032491600167
V11,0.9094663311648007,6.091991424560547,13.036345592464944
V11,0.9112606459842101,6.163333892822266,13.040199584762885
V11,0.9130549608036195,6.232594013214111,13.044053577060827
V11,0.9155925051563952,6.2704877853393555,13.049503945237857
V11,0.9173868199758046,6.342562675476074,13.0533579375358
V11,0.919181134795214,6.352372169494629,13.057211929833741
V11,0.9209754496146234,6.396422863006592,13.061065922131684
V11,0.9235129939673993,6.41559362411499,13.066516290308716
V11,0.9253073087868087,6.411005973815918,13.070370282606657
V11,0.9278448531395844,6.383781909942627,13.075820650783688
V11,0.9296391679589938,6.401269435882568,13.079674643081631
V11,0.9314334827784032,6.324627876281738,13.083528635379572
V11,0.9339710271311791,6.215506076812744,13.088979003556604
V11,0.9357653419505885,6.09316873550415,13.092832995854547
V11,0.9375596567699979,5.988020420074463,13.096686988152488
V11,0.9400972011227736,5.884101390838623,13.10213735632952
V11,0.9426347454755495,5.7543110847473145,13.107587724506551
V11,0.9444290602949589,5.617914199829102,13.111441716804492
V11,0.9469666046477346,5.651531219482422,13.116892084981524
V11,0.948760919467144,5.623295783996582,13.120746077279467
V11,0.9505552342865534,5.60213565826416,13.124600069577408
V11,0.9530927786393293,5.609530448913574,13.13005043775444
V11,0.955630322992105,5.499718189239502,13.135500805931471
V11,0.9574246378115144,5.461316108703613,13.139354798229412
V11,0.9599621821642902,5.373625755310059,13.144805166406444
V11,0.9617564969836996,5.333562850952148,13.148659158704387
V11,0.9642940413364754,5.3356757164001465,13.154109526881417
V11,0.9660883561558848,5.2884521484375,13.15796351917936
V11,0.9678826709752942,5.233089923858643,13.161817511477302
V11,0.97042021532807,5.173461437225342,13.167267879654332
V11,0.9722145301474794,5.139832973480225,13.171121871952275
V11,0.9740088449668888,4.988129615783691,13.174975864250218
V11,0.9765463893196646,4.958505630493164,13.180426232427248
V11,0.978340704139074,4.888274192810059,13.18428022472519
V11,0.9808782484918498,4.766898155212402,13.189730592902222
V11,0.9826725633112592,4.6352219581604,13.193584585200163
V11,0.985210107664035,4.493247032165527,13.199034953377195
V11,0.9870044224834444,4.340973377227783,13.202888945675138
V11,0.9895419668362202,4.178400993347168,13.208339313852168
V11,0.9913362816556296,4.00553035736084,13.21219330615011
V11,0.9938738260084055,3.8223609924316406,13.217643674327142
V11,0.9956681408278149,3.628892660140991,13.221497666625083
V11,0.9974624556472242,3.42512583732605,13.225351658923026
V11,1.0,3.2110605239868164,13.230802027100058
